,acquisition_value,descriptor,fitness,niche_index,pedigree,predicted_fitness,predicted_uncertainty,smiles,u,z,descriptor_value,Descriptor
0,0.4029499839494787,"[0.6832065186133336, 0.5998500000000002, 0.6061428571428572, 0.5061722222222225]",0.3831775700934579,3,"('mutation', '[*:1]~[D1]>>[*:1]', 'CC(O)=CC(=COc1ccc(CC2SC(=O)NC2=O)cc1)OBr')",0.4029499839494787,0.0003253196481422,O=C1NC(=O)C(Cc2ccc(OC=C(C=CO)OBr)cc2)S1,0.2348874074143571,0.03582238034670943,0.2348874074143571,USRCAT
0,0.4029499839494787,"[0.6832065186133336, 0.5998500000000002, 0.6061428571428572, 0.5061722222222225]",0.3831775700934579,3,"('mutation', '[*:1]~[D1]>>[*:1]', 'CC(O)=CC(=COc1ccc(CC2SC(=O)NC2=O)cc1)OBr')",0.4029499839494787,0.0003253196481422,O=C1NC(=O)C(Cc2ccc(OC=C(C=CO)OBr)cc2)S1,0.2348874074143571,0.03582238034670943,0.03582238034670943,Zernike
1,0.0445704252810649,"[0.41400996409333324, 0.3430333333333333, 0.1585, 0.46854444444444504]",0.0597014925373134,4,"('crossover', 'CN1CCN(Cc2ccc(CN3CCN(N4CCN(OCl)CC4)CC3)cc2)C1', 'CC(C)(C)COc1ccc(CC2SC(=O)NC2=O)cc1')",0.0445704252810649,0.0004313048818511,CC(C)(C)CCN1CCN(N2CCN(OCl)CC2)CC1,0.11393845334018148,0.02611057233530424,0.11393845334018148,USRCAT
1,0.0445704252810649,"[0.41400996409333324, 0.3430333333333333, 0.1585, 0.46854444444444504]",0.0597014925373134,4,"('crossover', 'CN1CCN(Cc2ccc(CN3CCN(N4CCN(OCl)CC4)CC3)cc2)C1', 'CC(C)(C)COc1ccc(CC2SC(=O)NC2=O)cc1')",0.0445704252810649,0.0004313048818511,CC(C)(C)CCN1CCN(N2CCN(OCl)CC2)CC1,0.11393845334018148,0.02611057233530424,0.02611057233530424,Zernike
2,0.3155965400458541,"[0.6671727541599999, 0.23960000000000004, 0.593857142857143, 0.6696600000000004]",0.319672131147541,5,"('crossover', 'Cc1c(C)c2c(c(C)c1O)CC(C)(CC1SC(=O)NC1=O)O2', 'COCOc1ccc(N2CCN(NCC3SC(=O)NC3=O)CC2)cc1')",0.3155965400458541,0.0011701260826592,COCOc1ccc(N2CCN(NCCC3SC(=O)NC3=O)CC2)cc1,0.2153306009997056,0.12134805710384804,0.2153306009997056,USRCAT
2,0.3155965400458541,"[0.6671727541599999, 0.23960000000000004, 0.593857142857143, 0.6696600000000004]",0.319672131147541,5,"('crossover', 'Cc1c(C)c2c(c(C)c1O)CC(C)(CC1SC(=O)NC1=O)O2', 'COCOc1ccc(N2CCN(NCC3SC(=O)NC3=O)CC2)cc1')",0.3155965400458541,0.0011701260826592,COCOc1ccc(N2CCN(NCCC3SC(=O)NC3=O)CC2)cc1,0.2153306009997056,0.12134805710384804,0.12134805710384804,Zernike
3,0.185973804815645,"[0.8265408954533331, 0.9329500000000007, 0.1977857142857143, 0.604166666666667]",0.192,6,"('crossover', 'Cc1c(C)c2c(c(C)c1O)CC(C)(COc1ccc(CC3SC(=O)NC3=O)cc1)O2', 'CC(COc1ccc(COBr)cc1)OBr')",0.185973804815645,0.0001349696200268,CC(COc1ccc(Cc2ccc(COBr)cc2)cc1)OBr,0.16419719880881017,0.029173059511111443,0.16419719880881017,USRCAT
3,0.185973804815645,"[0.8265408954533331, 0.9329500000000007, 0.1977857142857143, 0.604166666666667]",0.192,6,"('crossover', 'Cc1c(C)c2c(c(C)c1O)CC(C)(COc1ccc(CC3SC(=O)NC3=O)cc1)O2', 'CC(COc1ccc(COBr)cc1)OBr')",0.185973804815645,0.0001349696200268,CC(COc1ccc(Cc2ccc(COBr)cc2)cc1)OBr,0.16419719880881017,0.029173059511111443,0.029173059511111443,Zernike
4,0.2488076535469947,"[0.09683683197333333, 0.32007, 0.2737857142857143, 0.17995222222222249]",0.2352941176470588,7,"('crossover', 'COC1(C(=O)NCC2SC(=O)NC2=O)CCc2c(C)c(O)c(C)c(C)c2O1', 'O=C1NC(=O)C(Cc2ccc(OC3SCNC3=O)cc2)S1')",0.2488076535469947,0.0007617801565462,Cc1ccc(OC2SCNC2=O)cc1,0.12707093961910412,0.020497503883710497,0.12707093961910412,USRCAT
4,0.2488076535469947,"[0.09683683197333333, 0.32007, 0.2737857142857143, 0.17995222222222249]",0.2352941176470588,7,"('crossover', 'COC1(C(=O)NCC2SC(=O)NC2=O)CCc2c(C)c(O)c(C)c(C)c2O1', 'O=C1NC(=O)C(Cc2ccc(OC3SCNC3=O)cc2)S1')",0.2488076535469947,0.0007617801565462,Cc1ccc(OC2SCNC2=O)cc1,0.12707093961910412,0.020497503883710497,0.020497503883710497,Zernike
5,0.0960097549889096,"[0.9191711508133331, 0.43931666666666663, 0.5075714285714286, 0.3286000000000001]",0.1,8,"('crossover', 'O=C1SC(OCC(OBr)OBr)C1=O', 'O=C1NC(=O)C(Cc2ccc(OCOF)cc2)S1')",0.0960097549889096,0.000338991671972,O=C1SC(OCC(CC(OBr)OBr)OBr)C1=O,0.10350499519645333,0.025994568848688376,0.10350499519645333,USRCAT
5,0.0960097549889096,"[0.9191711508133331, 0.43931666666666663, 0.5075714285714286, 0.3286000000000001]",0.1,8,"('crossover', 'O=C1SC(OCC(OBr)OBr)C1=O', 'O=C1NC(=O)C(Cc2ccc(OCOF)cc2)S1')",0.0960097549889096,0.000338991671972,O=C1SC(OCC(CC(OBr)OBr)OBr)C1=O,0.10350499519645333,0.025994568848688376,0.025994568848688376,Zernike
6,0.4163947900811554,"[0.6969459498933332, 0.4945433333333334, 0.5727142857142857, 0.5516144444444449]",0.4230769230769231,10,"('crossover', 'CN1CCN(N2CCN(Cc3ccc(CC(O)OBr)cc3)CC2)CC1', 'Cc1c(C)c2c(c(C)c1O)CCC(C)(CONCC1SC(=O)NC1=O)O2')",0.4163947900811554,0.0002298489879623,Cc1c(C)c2c(c(C)c1O)CCC(C)(CONCC(O)OBr)O2,0.24474123184642707,0.039753121245891615,0.24474123184642707,USRCAT
6,0.4163947900811554,"[0.6969459498933332, 0.4945433333333334, 0.5727142857142857, 0.5516144444444449]",0.4230769230769231,10,"('crossover', 'CN1CCN(N2CCN(Cc3ccc(CC(O)OBr)cc3)CC2)CC1', 'Cc1c(C)c2c(c(C)c1O)CCC(C)(CONCC1SC(=O)NC1=O)O2')",0.4163947900811554,0.0002298489879623,Cc1c(C)c2c(c(C)c1O)CCC(C)(CONCC(O)OBr)O2,0.24474123184642707,0.039753121245891615,0.039753121245891615,Zernike
7,0.2463220973334939,"[0.3700709542, 0.18728333333333327, 0.6946428571428572, 0.24263666666666697]",0.2300884955752212,11,"('mutation', '[*:1]!-[*:2]>>[*:1]-[*:2]', 'O=C1NC(=O)C(O)(OCOc2ccc(OF)cc2)S1')",0.2463220973334939,0.0004910527443391,O=C1NC(O)C(O)(OCOc2ccc(OF)cc2)S1,0.14002979049066056,0.025958843421596125,0.14002979049066056,USRCAT
7,0.2463220973334939,"[0.3700709542, 0.18728333333333327, 0.6946428571428572, 0.24263666666666697]",0.2300884955752212,11,"('mutation', '[*:1]!-[*:2]>>[*:1]-[*:2]', 'O=C1NC(=O)C(O)(OCOc2ccc(OF)cc2)S1')",0.2463220973334939,0.0004910527443391,O=C1NC(O)C(O)(OCOc2ccc(OF)cc2)S1,0.14002979049066056,0.025958843421596125,0.025958843421596125,Zernike
8,0.5861935488422035,"[0.7005003164399998, 0.846210000000001, 0.5653571428571429, 0.7420933333333339]",0.6,14,"('mutation', '[*;!H0;!R:1]>>[*:1]-O', 'Cc1c(C)c2c(c(C)c1O)CCC(C)(COc1ccc(CSO)cc1)O2')",0.5861935488422035,0.0001428330535885,Cc1c(C)c2c(c(C)c1O)CCC(C)(COc1ccc(C(O)SO)cc1)O2,0.2918718297886127,0.05294613700002316,0.2918718297886127,USRCAT
8,0.5861935488422035,"[0.7005003164399998, 0.846210000000001, 0.5653571428571429, 0.7420933333333339]",0.6,14,"('mutation', '[*;!H0;!R:1]>>[*:1]-O', 'Cc1c(C)c2c(c(C)c1O)CCC(C)(COc1ccc(CSO)cc1)O2')",0.5861935488422035,0.0001428330535885,Cc1c(C)c2c(c(C)c1O)CCC(C)(COc1ccc(C(O)SO)cc1)O2,0.2918718297886127,0.05294613700002316,0.05294613700002316,Zernike
9,0.1796222667619038,"[0.2969506894800001, 0.8302366666666673, 0.2518571428571429, 0.36833333333333357]",0.1707317073170731,16,"('crossover', 'Cc1ccc(-c2cc(Oc3ccc(CF)cc3)on2)cc1', 'Cc1c(C)c2c(c(C)c1O)CCC(C)(COC(N)CC1SC(=O)NC1=O)O2')",0.1796222667619038,0.0003456245268533,Cc1ccc(-c2cc(Oc3ccc(F)cc3)on2)cc1,0.1400181026533334,0.04672162831600989,0.1400181026533334,USRCAT
9,0.1796222667619038,"[0.2969506894800001, 0.8302366666666673, 0.2518571428571429, 0.36833333333333357]",0.1707317073170731,16,"('crossover', 'Cc1ccc(-c2cc(Oc3ccc(CF)cc3)on2)cc1', 'Cc1c(C)c2c(c(C)c1O)CCC(C)(COC(N)CC1SC(=O)NC1=O)O2')",0.1796222667619038,0.0003456245268533,Cc1ccc(-c2cc(Oc3ccc(F)cc3)on2)cc1,0.1400181026533334,0.04672162831600989,0.04672162831600989,Zernike
10,0.6568517860265878,"[0.9834843042799997, 0.8843400000000009, 0.5402142857142858, 0.8516166666666669]",0.66,18,"('mutation', '[#6:1]>>[#35:1]', 'Cc1c(C)c2c(c(C)c1O)CCC(C)(c1ccc(CC3SC(=O)NC3=O)cc1)O2')",0.6568517860265878,0.0002153480320394,Cc1c(C)c2c(c(Br)c1O)CCC(C)(c1ccc(CC3SC(=O)NC3=O)cc1)O2,0.2998937175283869,0.1482962984475469,0.2998937175283869,USRCAT
10,0.6568517860265878,"[0.9834843042799997, 0.8843400000000009, 0.5402142857142858, 0.8516166666666669]",0.66,18,"('mutation', '[#6:1]>>[#35:1]', 'Cc1c(C)c2c(c(C)c1O)CCC(C)(c1ccc(CC3SC(=O)NC3=O)cc1)O2')",0.6568517860265878,0.0002153480320394,Cc1c(C)c2c(c(Br)c1O)CCC(C)(c1ccc(CC3SC(=O)NC3=O)cc1)O2,0.2998937175283869,0.1482962984475469,0.1482962984475469,Zernike
11,0.1510940800466912,"[0.44647080272, 0.8917500000000004, 0.13185714285714287, 0.3275888888888891]",0.134453781512605,19,"('mutation', '[*;!R:1]~[*:2]>>[*:1]S[*:2]', 'FOc1ccc(-c2ccc(OBr)cc2)cc1')",0.1510940800466912,0.0006078539689312,FOc1ccc(-c2ccc(SOBr)cc2)cc1,0.13540326194628427,0.02446027005453673,0.13540326194628427,USRCAT
11,0.1510940800466912,"[0.44647080272, 0.8917500000000004, 0.13185714285714287, 0.3275888888888891]",0.134453781512605,19,"('mutation', '[*;!R:1]~[*:2]>>[*:1]S[*:2]', 'FOc1ccc(-c2ccc(OBr)cc2)cc1')",0.1510940800466912,0.0006078539689312,FOc1ccc(-c2ccc(SOBr)cc2)cc1,0.13540326194628427,0.02446027005453673,0.02446027005453673,Zernike
12,0.6026047674105558,"[0.7571716396666667, 0.4503766666666666, 0.780357142857143, 0.7448466666666672]",0.6138613861386139,21,"('mutation', '[*;!H0;!R:1]~[*:2]>>[*:1]=N-[*:2]', 'Cc1c(C)c2c(c(C)c1O)CCC(C)(COCNCC1SC(=O)NC1=O)O2')",0.6026047674105558,0.0002862906103574,Cc1c(C)c2c(c(C)c1O)CCC(C)(CON=CNCC1SC(=O)NC1=O)O2,0.2507519982821342,0.1203754802639901,0.2507519982821342,USRCAT
12,0.6026047674105558,"[0.7571716396666667, 0.4503766666666666, 0.780357142857143, 0.7448466666666672]",0.6138613861386139,21,"('mutation', '[*;!H0;!R:1]~[*:2]>>[*:1]=N-[*:2]', 'Cc1c(C)c2c(c(C)c1O)CCC(C)(COCNCC1SC(=O)NC1=O)O2')",0.6026047674105558,0.0002862906103574,Cc1c(C)c2c(c(C)c1O)CCC(C)(CON=CNCC1SC(=O)NC1=O)O2,0.2507519982821342,0.1203754802639901,0.1203754802639901,Zernike
13,0.1211372678837204,"[0.7140826243066668, 0.2552500000000002, 0.20478571428571432, 0.7579888888888895]",0.1224489795918367,23,"('crossover', 'CN1CCN(COc2ccc(CN3CCN(N4CCN(OCl)CC4)CC3)cc2)C1', 'Cc1c(C)c2c(c(C)c1O)CCC(C)(c1ccc(CC3SC(=O)NC3=O)cc1)O2')",0.1211372678837204,0.0001732829485521,CN1CCN(c2ccc(CN3CCN(N4CCN(OCl)CC4)CC3)cc2)C1,0.15249887654280825,0.02718930435052855,0.15249887654280825,USRCAT
13,0.1211372678837204,"[0.7140826243066668, 0.2552500000000002, 0.20478571428571432, 0.7579888888888895]",0.1224489795918367,23,"('crossover', 'CN1CCN(COc2ccc(CN3CCN(N4CCN(OCl)CC4)CC3)cc2)C1', 'Cc1c(C)c2c(c(C)c1O)CCC(C)(c1ccc(CC3SC(=O)NC3=O)cc1)O2')",0.1211372678837204,0.0001732829485521,CN1CCN(c2ccc(CN3CCN(N4CCN(OCl)CC4)CC3)cc2)C1,0.15249887654280825,0.02718930435052855,0.02718930435052855,Zernike
14,0.1707298607981782,"[0.28696757182666677, 0.16426166666666658, 0.7765000000000002, 0.29078000000000026]",0.1896551724137931,24,"('crossover', 'COC(=O)CC(=O)NCCS(=O)NCC1(C)CCc2c(C)c(O)c(C)c(C)c2O1', 'Cc1c(C)c2c(c(C)c1O)CCC(C)(COc1ccc(C(=N)O)cc1)O2')",0.1707298607981782,0.0003303583012607,COC(=O)CC(=O)NCOc1ccc(C(=N)O)cc1,0.17946224227716495,0.02184840781324184,0.17946224227716495,USRCAT
14,0.1707298607981782,"[0.28696757182666677, 0.16426166666666658, 0.7765000000000002, 0.29078000000000026]",0.1896551724137931,24,"('crossover', 'COC(=O)CC(=O)NCCS(=O)NCC1(C)CCc2c(C)c(O)c(C)c(C)c2O1', 'Cc1c(C)c2c(c(C)c1O)CCC(C)(COc1ccc(C(=N)O)cc1)O2')",0.1707298607981782,0.0003303583012607,COC(=O)CC(=O)NCOc1ccc(C(=N)O)cc1,0.17946224227716495,0.02184840781324184,0.02184840781324184,Zernike
15,0.2340634491302033,"[0.19377247478666665, 0.17528333333333332, 0.3226428571428572, 0.2571977777777783]",0.2053571428571428,25,"('crossover', 'Cc1c(C)c2c(c(C)c1O)CCC(C)(COc1ccc(CCO)cc1)O2', 'CON1CCN(CC2(C)CCc3c(C)c(CC4SC(=O)NC4=O)c(C)c(C)c3O2)C1')",0.2340634491302033,0.0003207377010796,CON1CCN(Oc2ccc(CCO)cc2)C1,0.15501170317481022,0.025310447843515337,0.15501170317481022,USRCAT
15,0.2340634491302033,"[0.19377247478666665, 0.17528333333333332, 0.3226428571428572, 0.2571977777777783]",0.2053571428571428,25,"('crossover', 'Cc1c(C)c2c(c(C)c1O)CCC(C)(COc1ccc(CCO)cc1)O2', 'CON1CCN(CC2(C)CCc3c(C)c(CC4SC(=O)NC4=O)c(C)c(C)c3O2)C1')",0.2340634491302033,0.0003207377010796,CON1CCN(Oc2ccc(CCO)cc2)C1,0.15501170317481022,0.025310447843515337,0.025310447843515337,Zernike
16,0.428907655322732,"[0.7499605677733333, 0.29256666666666664, 0.7506428571428571, 0.5244588888888893]",0.4326923076923077,27,"('crossover', 'CC(O)(O)COc1ccc(CC2SC(=O)NC2=O)cc1', 'O=C1NC(=O)C(Cc2ccc(OCC(OCl)OBr)cc2)S1')",0.428907655322732,0.0001996374968932,CC(O)(O)C(COc1ccc(CC2SC(=O)NC2=O)cc1)OBr,0.22644310558129102,0.08076862651646777,0.22644310558129102,USRCAT
16,0.428907655322732,"[0.7499605677733333, 0.29256666666666664, 0.7506428571428571, 0.5244588888888893]",0.4326923076923077,27,"('crossover', 'CC(O)(O)COc1ccc(CC2SC(=O)NC2=O)cc1', 'O=C1NC(=O)C(Cc2ccc(OCC(OCl)OBr)cc2)S1')",0.428907655322732,0.0001996374968932,CC(O)(O)C(COc1ccc(CC2SC(=O)NC2=O)cc1)OBr,0.22644310558129102,0.08076862651646777,0.08076862651646777,Zernike
17,0.3487594087613508,"[0.8410334704666667, 0.42587666666666685, 0.3689285714285715, 0.9189644444444454]",0.3410852713178294,28,"('crossover', 'CCCCC1(C)CCc2c(C)c(O)c(C)c(C)c2O1', 'CN1CCN(N2CCN(COc3ccc(CC4SC(=O)NC4=O)cc3)CC2)CC1')",0.3487594087613508,0.0001421532951649,Cc1c(C)c2c(c(C)c1O)CCC(C)(COCN1CCN(N3CCN(C)CC3)CC1)O2,0.1399748301983871,0.03724895179515473,0.1399748301983871,USRCAT
17,0.3487594087613508,"[0.8410334704666667, 0.42587666666666685, 0.3689285714285715, 0.9189644444444454]",0.3410852713178294,28,"('crossover', 'CCCCC1(C)CCc2c(C)c(O)c(C)c(C)c2O1', 'CN1CCN(N2CCN(COc3ccc(CC4SC(=O)NC4=O)cc3)CC2)CC1')",0.3487594087613508,0.0001421532951649,Cc1c(C)c2c(c(C)c1O)CCC(C)(COCN1CCN(N3CCN(C)CC3)CC1)O2,0.1399748301983871,0.03724895179515473,0.03724895179515473,Zernike
18,0.0296204534296002,"[0.7932837643999998, 0.13941666666666672, 0.43485714285714294, 0.4204722222222227]",0.036231884057971,31,"('crossover', 'CCOc1ccc(CN2CCN(N3CCN(O)CC3)CC2)cc1', 'O=C1NC(=O)C(Cc2ccc(OCC(OBr)OBr)cc2)S1')",0.0296204534296002,0.0005973330128527,ON1CCN(N2CCN(OCC(OBr)OBr)CC2)CC1,0.10743011765038485,0.021990962715099923,0.10743011765038485,USRCAT
18,0.0296204534296002,"[0.7932837643999998, 0.13941666666666672, 0.43485714285714294, 0.4204722222222227]",0.036231884057971,31,"('crossover', 'CCOc1ccc(CN2CCN(N3CCN(O)CC3)CC2)cc1', 'O=C1NC(=O)C(Cc2ccc(OCC(OBr)OBr)cc2)S1')",0.0296204534296002,0.0005973330128527,ON1CCN(N2CCN(OCC(OBr)OBr)CC2)CC1,0.10743011765038485,0.021990962715099923,0.021990962715099923,Zernike
19,0.2293871254715052,"[0.8673270258133331, 0.25341000000000014, 0.8140000000000001, 0.8287177777777783]",0.2279411764705882,33,"('crossover', 'Cc1c(C)c(C)c2c(c1C)CC(C)(CCO)O2', 'COC(=O)CC(=O)NCCS(=O)NCC1(C)CCc2c(C)c(O)c(C)c(C)c2O1')",0.2293871254715052,0.0008530398998719,COC(=O)CC(=O)NCCS(=O)NCc1c(C)c(C)c(C)c2c1OC(C)(CCO)C2,0.2266244592625079,0.03822148595799465,0.2266244592625079,USRCAT
19,0.2293871254715052,"[0.8673270258133331, 0.25341000000000014, 0.8140000000000001, 0.8287177777777783]",0.2279411764705882,33,"('crossover', 'Cc1c(C)c(C)c2c(c1C)CC(C)(CCO)O2', 'COC(=O)CC(=O)NCCS(=O)NCC1(C)CCc2c(C)c(O)c(C)c(C)c2O1')",0.2293871254715052,0.0008530398998719,COC(=O)CC(=O)NCCS(=O)NCc1c(C)c(C)c(C)c2c1OC(C)(CCO)C2,0.2266244592625079,0.03822148595799465,0.03822148595799465,Zernike
20,0.3082218200127871,"[0.28057514876000006, 0.5830433333333336, 0.1977857142857143, 0.39976666666666727]",0.2924528301886792,35,"('crossover', 'Cc1c(C)c2c(c(C)c1O)CCC(C)(c1ccccc1)O2', 'COCC1(C)Cc2c(C)c(N3CCN(C)CC3)c(C)c(C)c2O1')",0.3082218200127871,0.0029649620499487,COCc1c(C)c(C)c2c(c1C)CC(C)(COC)O2,0.12192261110333245,0.021328091455169396,0.12192261110333245,USRCAT
20,0.3082218200127871,"[0.28057514876000006, 0.5830433333333336, 0.1977857142857143, 0.39976666666666727]",0.2924528301886792,35,"('crossover', 'Cc1c(C)c2c(c(C)c1O)CCC(C)(c1ccccc1)O2', 'COCC1(C)Cc2c(C)c(N3CCN(C)CC3)c(C)c(C)c2O1')",0.3082218200127871,0.0029649620499487,COCc1c(C)c(C)c2c(c1C)CC(C)(COC)O2,0.12192261110333245,0.021328091455169396,0.021328091455169396,Zernike
21,0.6668275277917136,"[0.6340854760666668, 0.6110266666666667, 0.6480714285714286, 0.7497288888888893]",0.6666666666666666,37,"('crossover', 'Cc1c(C)c2c(c(C)c1O)CCC(C)(COc1ccc(CCO)cc1)O2', 'Cc1c(C)c2c(c(C)c1O)CCC(C)(C(N)N)O2')",0.6668275277917136,0.0001249988984065,Cc1c(C)c2c(c(C)c1O)CCC(C)(COc1ccc(CC(N)N)cc1)O2,0.2803328690220556,0.02624418809740543,0.2803328690220556,USRCAT
21,0.6668275277917136,"[0.6340854760666668, 0.6110266666666667, 0.6480714285714286, 0.7497288888888893]",0.6666666666666666,37,"('crossover', 'Cc1c(C)c2c(c(C)c1O)CCC(C)(COc1ccc(CCO)cc1)O2', 'Cc1c(C)c2c(c(C)c1O)CCC(C)(C(N)N)O2')",0.6668275277917136,0.0001249988984065,Cc1c(C)c2c(c(C)c1O)CCC(C)(COc1ccc(CC(N)N)cc1)O2,0.2803328690220556,0.02624418809740543,0.02624418809740543,Zernike
22,0.4563693719828668,"[0.5674152673333333, 0.9857166666666677, 0.18785714285714286, 0.7472333333333339]",0.4537037037037037,40,"('crossover', 'COc1ccc(CC(=O)CC2(C)CCc3c(C)c(C)c(C)c(C)c3O2)cc1', 'Cc1ccc(-c2cc(Oc3ccc(-c4cc(O)on4)cc3)on2)cc1')",0.4563693719828668,0.0003988426961551,Cc1ccc(CC(=O)CC2(C)CCc3c(C)c(C)c(C)c(C)c3O2)cc1,0.1434360013470974,0.02089191055644136,0.1434360013470974,USRCAT
22,0.4563693719828668,"[0.5674152673333333, 0.9857166666666677, 0.18785714285714286, 0.7472333333333339]",0.4537037037037037,40,"('crossover', 'COc1ccc(CC(=O)CC2(C)CCc3c(C)c(C)c(C)c(C)c3O2)cc1', 'Cc1ccc(-c2cc(Oc3ccc(-c4cc(O)on4)cc3)on2)cc1')",0.4563693719828668,0.0003988426961551,Cc1ccc(CC(=O)CC2(C)CCc3c(C)c(C)c(C)c(C)c3O2)cc1,0.1434360013470974,0.02089191055644136,0.02089191055644136,Zernike
23,0.1661696552667317,"[0.4603348076933334, 0.8462700000000006, 0.5163571428571428, 0.5474866666666666]",0.1555555555555555,42,"('crossover', 'Cc1ccc(-c2cc(Oc3ccc(-c4cc(O)on4)cc3)on2)cc1', 'Cc1c(C)c2c(c(C)c1O)CCC(C)(CNCC1SC(=O)C1=O)O2')",0.1661696552667317,0.0002922844323914,Cc1ccc(-c2cc(-c3ccc(-c4cc(O)on4)cc3)on2)cc1,0.16010693879043592,0.12350286538823799,0.16010693879043592,USRCAT
23,0.1661696552667317,"[0.4603348076933334, 0.8462700000000006, 0.5163571428571428, 0.5474866666666666]",0.1555555555555555,42,"('crossover', 'Cc1ccc(-c2cc(Oc3ccc(-c4cc(O)on4)cc3)on2)cc1', 'Cc1c(C)c2c(c(C)c1O)CCC(C)(CNCC1SC(=O)C1=O)O2')",0.1661696552667317,0.0002922844323914,Cc1ccc(-c2cc(-c3ccc(-c4cc(O)on4)cc3)on2)cc1,0.16010693879043592,0.12350286538823799,0.12350286538823799,Zernike
24,0.2148707527002228,"[0.45392897542666655, 0.4533366666666667, 0.7667142857142858, 0.533177777777778]",0.225,44,"('mutation', '[#8:1]>>[#6:1]', 'Cc1c(C)c2c(c(N)c1O)CCC(CC#N)(CC(C)(O)C=O)O2')",0.2148707527002228,0.000384740434376,Cc1c(C)c2c(c(N)c1O)CCC(CC#N)(CC(C)(O)C=O)C2,0.16385726620782023,0.022693740462959352,0.16385726620782023,USRCAT
24,0.2148707527002228,"[0.45392897542666655, 0.4533366666666667, 0.7667142857142858, 0.533177777777778]",0.225,44,"('mutation', '[#8:1]>>[#6:1]', 'Cc1c(C)c2c(c(N)c1O)CCC(CC#N)(CC(C)(O)C=O)O2')",0.2148707527002228,0.000384740434376,Cc1c(C)c2c(c(N)c1O)CCC(CC#N)(CC(C)(O)C=O)C2,0.16385726620782023,0.022693740462959352,0.022693740462959352,Zernike
25,0.46051756573342,"[0.74713530956, 0.5326400000000001, 0.7760714285714285, 0.7105611111111115]",0.4727272727272727,45,"('crossover', 'Cc1c(C)c2c(c(C)c1O)CCC(C)(COC(O)CC1SC(=O)NC1=O)O2', 'Cc1c(C)c2c(c(C)c1O)CCC(C)(C#N)O2')",0.46051756573342,0.0001617616235092,Cc1c(C)c2c(c(C)c1COC(O)CC1SC(=O)NC1=O)CCC(C)(C#N)O2,0.2257765391372152,0.06829945927789927,0.2257765391372152,USRCAT
25,0.46051756573342,"[0.74713530956, 0.5326400000000001, 0.7760714285714285, 0.7105611111111115]",0.4727272727272727,45,"('crossover', 'Cc1c(C)c2c(c(C)c1O)CCC(C)(COC(O)CC1SC(=O)NC1=O)O2', 'Cc1c(C)c2c(c(C)c1O)CCC(C)(C#N)O2')",0.46051756573342,0.0001617616235092,Cc1c(C)c2c(c(C)c1COC(O)CC1SC(=O)NC1=O)CCC(C)(C#N)O2,0.2257765391372152,0.06829945927789927,0.06829945927789927,Zernike
26,0.1476947037262603,"[0.45335289665333334, 0.14483333333333334, 0.8485714285714286, 0.3081433333333335]",0.1551724137931034,47,"('mutation', '[#6:1]>>[#35:1]', 'Cc1c(O)c(CN)c2c(c1O)C(=O)C(CN)CO2')",0.1476947037262603,0.0005197441422084,NCc1c(O)c(Br)c(O)c2c1OCC(CN)C2=O,0.13847255614497456,0.02151357621798657,0.13847255614497456,USRCAT
26,0.1476947037262603,"[0.45335289665333334, 0.14483333333333334, 0.8485714285714286, 0.3081433333333335]",0.1551724137931034,47,"('mutation', '[#6:1]>>[#35:1]', 'Cc1c(O)c(CN)c2c(c1O)C(=O)C(CN)CO2')",0.1476947037262603,0.0005197441422084,NCc1c(O)c(Br)c(O)c2c1OCC(CN)C2=O,0.13847255614497456,0.02151357621798657,0.02151357621798657,Zernike
27,0.1520515358725231,"[0.41963034565333335, 0.694066666666667, 0.21042857142857144, 0.21878666666666693]",0.1509433962264151,48,"('mutation', '[*:1]~[D2]~[*:2]>>[*:1]-[*:2]', 'OC(=Cc1ccc(COBr)cc1)OBr')",0.1520515358725231,0.00041520743044,OC(Br)=Cc1ccc(COBr)cc1,0.1297660638110019,0.021342249300080777,0.1297660638110019,USRCAT
27,0.1520515358725231,"[0.41963034565333335, 0.694066666666667, 0.21042857142857144, 0.21878666666666693]",0.1509433962264151,48,"('mutation', '[*:1]~[D2]~[*:2]>>[*:1]-[*:2]', 'OC(=Cc1ccc(COBr)cc1)OBr')",0.1520515358725231,0.00041520743044,OC(Br)=Cc1ccc(COBr)cc1,0.1297660638110019,0.021342249300080777,0.021342249300080777,Zernike
28,0.2561822937326786,"[0.06023816896, 0.3867833333333333, 0.21042857142857144, 0.1804644444444449]",0.23,51,"('crossover', 'CSCc1ccc(OCC2(C)CCc3c(C)c(O)c(C)c(C)c3O2)cc1', 'O=C1NC(=O)C(Cc2ccc(OCO)cc2)S1')",0.2561822937326786,0.0003869496972391,CSCCc1ccc(OCO)cc1,0.15082010653617345,0.02267432002492884,0.15082010653617345,USRCAT
28,0.2561822937326786,"[0.06023816896, 0.3867833333333333, 0.21042857142857144, 0.1804644444444449]",0.23,51,"('crossover', 'CSCc1ccc(OCC2(C)CCc3c(C)c(O)c(C)c(C)c3O2)cc1', 'O=C1NC(=O)C(Cc2ccc(OCO)cc2)S1')",0.2561822937326786,0.0003869496972391,CSCCc1ccc(OCO)cc1,0.15082010653617345,0.02267432002492884,0.02267432002492884,Zernike
29,0.0361366270584678,"[0.24698193883999997, 0.07301666666666667, 0.22442857142857148, 0.17136666666666708]",0.0232558139534883,52,"('crossover', 'CN1CCN(COc2ccc(CN3CCN(N4CCN(OCl)CC4)CC3)cc2)C1', 'O=C1CSC1Cc1ccc(OF)cc1')",0.0361366270584678,0.0003911263583343,FON1CCN(N2CCN(OCl)CC2)CC1,0.09041906215667637,0.02157149278460661,0.09041906215667637,USRCAT
29,0.0361366270584678,"[0.24698193883999997, 0.07301666666666667, 0.22442857142857148, 0.17136666666666708]",0.0232558139534883,52,"('crossover', 'CN1CCN(COc2ccc(CN3CCN(N4CCN(OCl)CC4)CC3)cc2)C1', 'O=C1CSC1Cc1ccc(OF)cc1')",0.0361366270584678,0.0003911263583343,FON1CCN(N2CCN(OCl)CC2)CC1,0.09041906215667637,0.02157149278460661,0.02157149278460661,Zernike
30,0.5711069853219797,"[0.5873291979199998, 0.7358266666666672, 0.4208571428571429, 0.6933177777777783]",0.5643564356435643,53,"('crossover', 'Cc1c(C)c2c(c(C)c1O)CC(C)(COc1ccc(CC3SC(=O)C3=O)cc1)O2', 'O=C1NC(=O)C(Cc2ccc(OCCO)cc2)S1')",0.5711069853219797,0.0001351830950205,Cc1c(C)c2c(c(C)c1O)CC(C)(COc1ccc(CCCO)cc1)O2,0.3039535862466872,0.0702623806896314,0.3039535862466872,USRCAT
30,0.5711069853219797,"[0.5873291979199998, 0.7358266666666672, 0.4208571428571429, 0.6933177777777783]",0.5643564356435643,53,"('crossover', 'Cc1c(C)c2c(c(C)c1O)CC(C)(COc1ccc(CC3SC(=O)C3=O)cc1)O2', 'O=C1NC(=O)C(Cc2ccc(OCCO)cc2)S1')",0.5711069853219797,0.0001351830950205,Cc1c(C)c2c(c(C)c1O)CC(C)(COc1ccc(CCCO)cc1)O2,0.3039535862466872,0.0702623806896314,0.0702623806896314,Zernike
31,0.1762573723081285,"[0.6929042023733335, 0.779316666666667, 0.26371428571428573, 0.34557777777777815]",0.1565217391304348,55,"('crossover', 'CC(OBr)C(COc1ccc(COBr)cc1)OBr', 'O=C1NC(=O)C(Cc2ccc(OCC(OCl)OBr)cc2)S1')",0.1762573723081285,0.0002566060673097,CC(OBr)c1ccc(OCC(OCl)OBr)cc1,0.1271146679238497,0.02175971387114292,0.1271146679238497,USRCAT
31,0.1762573723081285,"[0.6929042023733335, 0.779316666666667, 0.26371428571428573, 0.34557777777777815]",0.1565217391304348,55,"('crossover', 'CC(OBr)C(COc1ccc(COBr)cc1)OBr', 'O=C1NC(=O)C(Cc2ccc(OCC(OCl)OBr)cc2)S1')",0.1762573723081285,0.0002566060673097,CC(OBr)c1ccc(OCC(OCl)OBr)cc1,0.1271146679238497,0.02175971387114292,0.02175971387114292,Zernike
32,0.4907617836379583,"[0.6204164760133332, 0.32271000000000005, 0.6920714285714287, 0.6019688888888892]",0.4951456310679611,61,"('mutation', '[*:1]~[D1]>>[*:1]', 'COC1(C(=O)NCC2SC(=O)NC2=O)Cc2c(C)c(O)c(C)c(C)c2O1')",0.4907617836379583,0.0002327409921949,COC1(CNCC2SC(=O)NC2=O)Cc2c(C)c(O)c(C)c(C)c2O1,0.23618827047897512,0.05499610154450977,0.23618827047897512,USRCAT
32,0.4907617836379583,"[0.6204164760133332, 0.32271000000000005, 0.6920714285714287, 0.6019688888888892]",0.4951456310679611,61,"('mutation', '[*:1]~[D1]>>[*:1]', 'COC1(C(=O)NCC2SC(=O)NC2=O)Cc2c(C)c(O)c(C)c(C)c2O1')",0.4907617836379583,0.0002327409921949,COC1(CNCC2SC(=O)NC2=O)Cc2c(C)c(O)c(C)c(C)c2O1,0.23618827047897512,0.05499610154450977,0.05499610154450977,Zernike
33,0.3148594273780773,"[0.6000695012133331, 0.38780666666666663, 0.6087142857142858, 0.4213066666666669]",0.3,64,"('crossover', 'Cc1c(C)c2c(c(C)c1O)CCC(C)(COCC=O)O2', 'Cc1c(C)c2c(c(OBr)c1O)CCC(O)(OF)O2')",0.3148594273780773,0.0003942412993732,Cc1c(C)c2c(c(OBr)c1O)CCC(O)(COCC=O)O2,0.17949905019204634,0.029092703743576004,0.17949905019204634,USRCAT
33,0.3148594273780773,"[0.6000695012133331, 0.38780666666666663, 0.6087142857142858, 0.4213066666666669]",0.3,64,"('crossover', 'Cc1c(C)c2c(c(C)c1O)CCC(C)(COCC=O)O2', 'Cc1c(C)c2c(c(OBr)c1O)CCC(O)(OF)O2')",0.3148594273780773,0.0003942412993732,Cc1c(C)c2c(c(OBr)c1O)CCC(O)(COCC=O)O2,0.17949905019204634,0.029092703743576004,0.029092703743576004,Zernike
34,0.2151536217112304,"[0.19377247478666665, 0.12911999999999998, 0.7266428571428571, 0.26826000000000033]",0.1785714285714285,65,"('mutation', '[*:1]~[D1]>>[*:1]', 'Cc1c(O)c(CN)c2c(c1O)C(=O)C(CN)CO2')",0.2151536217112304,0.0026908831372324,Cc1c(O)c(CN)c2c(c1O)CC(CN)CO2,0.135306170981776,0.02140106583428764,0.135306170981776,USRCAT
34,0.2151536217112304,"[0.19377247478666665, 0.12911999999999998, 0.7266428571428571, 0.26826000000000033]",0.1785714285714285,65,"('mutation', '[*:1]~[D1]>>[*:1]', 'Cc1c(O)c(CN)c2c(c1O)C(=O)C(CN)CO2')",0.2151536217112304,0.0026908831372324,Cc1c(O)c(CN)c2c(c1O)CC(CN)CO2,0.135306170981776,0.02140106583428764,0.02140106583428764,Zernike
35,0.3604801738263052,"[0.41362721124, 0.4091666666666666, 0.4188571428571429, 0.45177444444444476]",0.3644859813084112,66,"('crossover', 'CON1C=CC(Cc2c(C)c(C)c3c(c2C)CC(C)(CN2C=CN(C)CC2)O3)C1', 'Cc1c(C)c2c(c(C)c1O)CC(C)(COc1ccc(CC3SC(=O)NC3=O)cc1)O2')",0.3604801738263052,0.000306317013372,CON1C=CC(c2ccc(CC3SC(=O)NC3=O)cc2)C1,0.18128539725865556,0.05431073599956748,0.18128539725865556,USRCAT
35,0.3604801738263052,"[0.41362721124, 0.4091666666666666, 0.4188571428571429, 0.45177444444444476]",0.3644859813084112,66,"('crossover', 'CON1C=CC(Cc2c(C)c(C)c3c(c2C)CC(C)(CN2C=CN(C)CC2)O3)C1', 'Cc1c(C)c2c(c(C)c1O)CC(C)(COc1ccc(CC3SC(=O)NC3=O)cc1)O2')",0.3604801738263052,0.000306317013372,CON1C=CC(c2ccc(CC3SC(=O)NC3=O)cc2)C1,0.18128539725865556,0.05431073599956748,0.05431073599956748,Zernike
36,0.1033309503087777,"[0.9724875328799999, 0.36998333333333333, 0.5735000000000001, 0.3434333333333334]",0.0975609756097561,69,"('crossover', 'O=C1SC(OCC(OBr)OBr)C1=O', 'CC(C)(O)COc1ccc(CC2SC(=O)NC2=O)cc1')",0.1033309503087777,0.0002011020029023,O=C1SC(OCC(OBr)OCC(OBr)OBr)C1=O,0.11216050897593338,0.026242592334494084,0.11216050897593338,USRCAT
36,0.1033309503087777,"[0.9724875328799999, 0.36998333333333333, 0.5735000000000001, 0.3434333333333334]",0.0975609756097561,69,"('crossover', 'O=C1SC(OCC(OBr)OBr)C1=O', 'CC(C)(O)COc1ccc(CC2SC(=O)NC2=O)cc1')",0.1033309503087777,0.0002011020029023,O=C1SC(OCC(OBr)OCC(OBr)OBr)C1=O,0.11216050897593338,0.026242592334494084,0.026242592334494084,Zernike
37,0.3500463999878369,"[0.7609255946399998, 0.9734600000000011, 0.17814285714285716, 0.9524222222222231]",0.3492063492063492,71,"('crossover', 'COc1ccc(N2CCN(c3c(C)c(C)c4c(c3C)CC(C)(CCO)O4)CC2)cc1', 'COc1ccc(CC2SC(=O)NC2=O)cc1C(=O)NCO')",0.3500463999878369,0.0014616422276802,CCCC1(C)Cc2c(C)c(N3CCN(c4ccc(OC)cc4)CC3)c(C)c(C)c2O1,0.14587090430605654,0.02164819524594005,0.14587090430605654,USRCAT
37,0.3500463999878369,"[0.7609255946399998, 0.9734600000000011, 0.17814285714285716, 0.9524222222222231]",0.3492063492063492,71,"('crossover', 'COc1ccc(N2CCN(c3c(C)c(C)c4c(c3C)CC(C)(CCO)O4)CC2)cc1', 'COc1ccc(CC2SC(=O)NC2=O)cc1C(=O)NCO')",0.3500463999878369,0.0014616422276802,CCCC1(C)Cc2c(C)c(N3CCN(c4ccc(OC)cc4)CC3)c(C)c(C)c2O1,0.14587090430605654,0.02164819524594005,0.02164819524594005,Zernike
38,0.696294336014497,"[0.9638530286133332, 0.7904600000000007, 0.7280714285714286, 0.9376833333333339]",0.7019230769230769,72,"('crossover', 'Cc1c(C)c2c(c(C)c1O)CCC(C)(c1ccc(CC3SC(=O)NC3=O)cc1)O2', 'CCC(=O)OCC1(C)CCc2c(C)c(O)c(C)c(C)c2O1')",0.696294336014497,0.0002060462549841,CCC(=O)OC1(c2ccc(CC3SC(=O)NC3=O)cc2)CCc2c(C)c(O)c(C)c(C)c2O1,0.3451220255032892,0.11087005766136436,0.3451220255032892,USRCAT
38,0.696294336014497,"[0.9638530286133332, 0.7904600000000007, 0.7280714285714286, 0.9376833333333339]",0.7019230769230769,72,"('crossover', 'Cc1c(C)c2c(c(C)c1O)CCC(C)(c1ccc(CC3SC(=O)NC3=O)cc1)O2', 'CCC(=O)OCC1(C)CCc2c(C)c(O)c(C)c(C)c2O1')",0.696294336014497,0.0002060462549841,CCC(=O)OC1(c2ccc(CC3SC(=O)NC3=O)cc2)CCc2c(C)c(O)c(C)c(C)c2O1,0.3451220255032892,0.11087005766136436,0.11087005766136436,Zernike
39,0.4217239479800664,"[0.33350592621333325, 0.22711666666666663, 0.5407857142857143, 0.3279855555555558]",0.4183673469387755,73,"('mutation', '[*;!H0:1]-[*;!H0:2]>>[*:1]=[*:2]', 'CN(CO)Oc1ccc(CC2SC(=O)NC2=O)cc1')",0.4217239479800664,0.0003822591818726,CN(C=O)Oc1ccc(CC2SC(=O)NC2=O)cc1,0.15947402896478471,0.03179299554797614,0.15947402896478471,USRCAT
39,0.4217239479800664,"[0.33350592621333325, 0.22711666666666663, 0.5407857142857143, 0.3279855555555558]",0.4183673469387755,73,"('mutation', '[*;!H0:1]-[*;!H0:2]>>[*:1]=[*:2]', 'CN(CO)Oc1ccc(CC2SC(=O)NC2=O)cc1')",0.4217239479800664,0.0003822591818726,CN(C=O)Oc1ccc(CC2SC(=O)NC2=O)cc1,0.15947402896478471,0.03179299554797614,0.03179299554797614,Zernike
40,0.1548143260739989,"[0.8860000322933331, 0.762516666666667, 0.40821428571428575, 0.40017555555555584]",0.1525423728813559,75,"('crossover', 'OC(=CC(COc1ccc(COBr)cc1)OBr)OBr', 'Cc1c(C)c2c(c(C)c1O)CCC(C)(COCC1SC(=O)NC1=O)O2')",0.1548143260739989,0.0003088869095992,OC(=CC(COc1ccc(OBr)cc1)OBr)OBr,0.18755417755725087,0.022280331655791852,0.18755417755725087,USRCAT
40,0.1548143260739989,"[0.8860000322933331, 0.762516666666667, 0.40821428571428575, 0.40017555555555584]",0.1525423728813559,75,"('crossover', 'OC(=CC(COc1ccc(COBr)cc1)OBr)OBr', 'Cc1c(C)c2c(c(C)c1O)CCC(C)(COCC1SC(=O)NC1=O)O2')",0.1548143260739989,0.0003088869095992,OC(=CC(COc1ccc(OBr)cc1)OBr)OBr,0.18755417755725087,0.022280331655791852,0.022280331655791852,Zernike
41,0.8060938355701012,"[0.9672918102, 0.7361100000000004, 0.6920714285714286, 0.972524444444445]",0.797979797979798,78,"('crossover', 'Cc1c(C)c2c(c(C)c1O)CCC(C)(CONCC1SC(=O)NC1=O)O2', 'CCOc1ccc(CC2SC(=O)NC2=O)cc1')",0.8060938355701012,0.000116598095115,Cc1c(C)c2c(c(C)c1O)CCC(C)(CONCc1ccc(CC3SC(=O)NC3=O)cc1)O2,0.29216094248357855,0.06068635309113591,0.29216094248357855,USRCAT
41,0.8060938355701012,"[0.9672918102, 0.7361100000000004, 0.6920714285714286, 0.972524444444445]",0.797979797979798,78,"('crossover', 'Cc1c(C)c2c(c(C)c1O)CCC(C)(CONCC1SC(=O)NC1=O)O2', 'CCOc1ccc(CC2SC(=O)NC2=O)cc1')",0.8060938355701012,0.000116598095115,Cc1c(C)c2c(c(C)c1O)CCC(C)(CONCc1ccc(CC3SC(=O)NC3=O)cc1)O2,0.29216094248357855,0.06068635309113591,0.06068635309113591,Zernike
42,0.1236930868785392,"[0.8075202913999999, 0.26160000000000033, 0.20478571428571432, 0.8461111111111118]",0.125,79,"('crossover', 'CN1CCN(Cc2ccc(CN3CCN(N4CCN(OCl)CC4)CC3)cc2)C1', 'Cc1c(C)c2c(c(C)c1O)CCC(C)(COC(O)CC1SC(=O)NC1=O)O2')",0.1236930868785392,0.0003253497626453,CN1CCN(CCc2ccc(CN3CCN(N4CCN(OCl)CC4)CC3)cc2)C1,0.14820302531598264,0.07164326043381748,0.14820302531598264,USRCAT
42,0.1236930868785392,"[0.8075202913999999, 0.26160000000000033, 0.20478571428571432, 0.8461111111111118]",0.125,79,"('crossover', 'CN1CCN(Cc2ccc(CN3CCN(N4CCN(OCl)CC4)CC3)cc2)C1', 'Cc1c(C)c2c(c(C)c1O)CCC(C)(COC(O)CC1SC(=O)NC1=O)O2')",0.1236930868785392,0.0003253497626453,CN1CCN(CCc2ccc(CN3CCN(N4CCN(OCl)CC4)CC3)cc2)C1,0.14820302531598264,0.07164326043381748,0.07164326043381748,Zernike
43,0.5561305009952398,"[0.7105366465466665, 0.6582600000000004, 0.6061428571428571, 0.7182500000000005]",0.5533980582524272,80,"('crossover', 'COCC1(C(=O)NCC2SC(=O)NC2=O)CCc2c(C)c(O)c(C)c(C)c2O1', 'CON(O)C(=O)N(F)CCCC1SC(=O)NC1=O')",0.5561305009952398,0.0002336936152426,COCC1(CCCC2SC(=O)NC2=O)CCc2c(C)c(O)c(C)c(C)c2O1,0.2851060551623391,0.0998282251160019,0.2851060551623391,USRCAT
43,0.5561305009952398,"[0.7105366465466665, 0.6582600000000004, 0.6061428571428571, 0.7182500000000005]",0.5533980582524272,80,"('crossover', 'COCC1(C(=O)NCC2SC(=O)NC2=O)CCc2c(C)c(O)c(C)c(C)c2O1', 'CON(O)C(=O)N(F)CCCC1SC(=O)NC1=O')",0.5561305009952398,0.0002336936152426,COCC1(CCCC2SC(=O)NC2=O)CCc2c(C)c(O)c(C)c(C)c2O1,0.2851060551623391,0.0998282251160019,0.0998282251160019,Zernike
44,0.3757510313488555,"[0.2901884296533334, 0.22529999999999997, 0.5402142857142858, 0.30716111111111133]",0.4123711340206185,81,"('crossover', 'Cc1c(C)c2c(c(C)c1O)CCC(C)(COc1ccc(CCO)cc1)O2', 'O=C1NC(=O)C(Cc2ccc(OCCO)cc2)S1')",0.3757510313488555,0.0003538658493037,O=C1NC(=O)C(COc2ccc(CCO)cc2)S1,0.23563631400646032,0.031091556478277285,0.23563631400646032,USRCAT
44,0.3757510313488555,"[0.2901884296533334, 0.22529999999999997, 0.5402142857142858, 0.30716111111111133]",0.4123711340206185,81,"('crossover', 'Cc1c(C)c2c(c(C)c1O)CCC(C)(COc1ccc(CCO)cc1)O2', 'O=C1NC(=O)C(Cc2ccc(OCCO)cc2)S1')",0.3757510313488555,0.0003538658493037,O=C1NC(=O)C(COc2ccc(CCO)cc2)S1,0.23563631400646032,0.031091556478277285,0.031091556478277285,Zernike
45,0.6453657381331781,"[0.5939267464399998, 0.7014600000000004, 0.4867857142857143, 0.6591400000000006]",0.6288659793814433,83,"('crossover', 'O=C1NC(=O)C(Cc2ccc(OCO)cc2)S1', 'Cc1c(C)c2c(c(C)c1O)CCC(C)(COc1ccc(O)cc1)O2')",0.6453657381331781,0.0003235720077192,Cc1c(C)c2c(c(C)c1O)CCC(C)(COc1ccc(OCO)cc1)O2,0.2715789456630964,0.05031095102712034,0.2715789456630964,USRCAT
45,0.6453657381331781,"[0.5939267464399998, 0.7014600000000004, 0.4867857142857143, 0.6591400000000006]",0.6288659793814433,83,"('crossover', 'O=C1NC(=O)C(Cc2ccc(OCO)cc2)S1', 'Cc1c(C)c2c(c(C)c1O)CCC(C)(COc1ccc(O)cc1)O2')",0.6453657381331781,0.0003235720077192,Cc1c(C)c2c(c(C)c1O)CCC(C)(COc1ccc(OCO)cc1)O2,0.2715789456630964,0.05031095102712034,0.05031095102712034,Zernike
46,0.3122071145992685,"[0.520418705, 0.17889999999999998, 0.5279285714285714, 0.552226666666667]",0.3103448275862069,85,"('crossover', 'COCOc1ccc(N2CCN(NCC3SC(=O)NC3=O)CC2)cc1', 'Cc1ccc(CNC(=O)CC2(C)CCc3c(C)c(O)c(C)c(C)c3O2)cc1')",0.3122071145992685,0.0007283843961805,COc1ccc(N2CCN(NCC3SC(=O)NC3=O)CC2)cc1,0.19950165051292734,0.07257524155705393,0.19950165051292734,USRCAT
46,0.3122071145992685,"[0.520418705, 0.17889999999999998, 0.5279285714285714, 0.552226666666667]",0.3103448275862069,85,"('crossover', 'COCOc1ccc(N2CCN(NCC3SC(=O)NC3=O)CC2)cc1', 'Cc1ccc(CNC(=O)CC2(C)CCc3c(C)c(O)c(C)c(C)c3O2)cc1')",0.3122071145992685,0.0007283843961805,COc1ccc(N2CCN(NCC3SC(=O)NC3=O)CC2)cc1,0.19950165051292734,0.07257524155705393,0.07257524155705393,Zernike
47,0.0529450627495214,"[0.31294672772000015, 0.5362333333333335, 0.27635714285714286, 0.053497777777777915]",0.037037037037037,87,"('crossover', 'Cc1c(C)c(C)c2c(c1C)CCC(C)(CO)O2', 'OC(=CC(COc1ccc(COBr)cc1)OBr)OBr')",0.0529450627495214,0.0004891813625258,CCC(C=C(O)OBr)OBr,0.09843525429288602,0.02087426916148574,0.09843525429288602,USRCAT
47,0.0529450627495214,"[0.31294672772000015, 0.5362333333333335, 0.27635714285714286, 0.053497777777777915]",0.037037037037037,87,"('crossover', 'Cc1c(C)c(C)c2c(c1C)CCC(C)(CO)O2', 'OC(=CC(COc1ccc(COBr)cc1)OBr)OBr')",0.0529450627495214,0.0004891813625258,CCC(C=C(O)OBr)OBr,0.09843525429288602,0.02087426916148574,0.02087426916148574,Zernike
48,0.3027780312202937,"[0.9237691881866665, 0.35678333333333323, 0.877357142857143, 0.8889288888888891]",0.3257575757575757,88,"('crossover', 'Cc1c(O)c(C)c2c(c1O)C(=O)C(c1ccc(CC3SC(=O)NC3=O)cc1)CO2', 'CNC(=O)CNC(=O)c1cc(CC2SC(=O)NC2=O)ccc1OC')",0.3027780312202937,0.0013737875835515,CNC(=O)CNC(=O)c1cc(-c2cc(CC3SC(=O)NC3=O)ccc2OC)ccc1OC,0.25676472701984837,0.11667997668738395,0.25676472701984837,USRCAT
48,0.3027780312202937,"[0.9237691881866665, 0.35678333333333323, 0.877357142857143, 0.8889288888888891]",0.3257575757575757,88,"('crossover', 'Cc1c(O)c(C)c2c(c1O)C(=O)C(c1ccc(CC3SC(=O)NC3=O)cc1)CO2', 'CNC(=O)CNC(=O)c1cc(CC2SC(=O)NC2=O)ccc1OC')",0.3027780312202937,0.0013737875835515,CNC(=O)CNC(=O)c1cc(-c2cc(CC3SC(=O)NC3=O)ccc2OC)ccc1OC,0.25676472701984837,0.11667997668738395,0.11667997668738395,Zernike
49,0.4128330020518946,"[0.7038178129999998, 0.43616000000000005, 0.6287142857142858, 0.7159366666666671]",0.4035087719298245,90,"('mutation', '[*;!R:1]~[*:2]>>[*:1]C[*:2]', 'C#CC1(COCC2SC(=O)NC2=O)CCc2c(C)c(O)c(C)c(C)c2O1')",0.4128330020518946,0.0001924594633677,C#CC1(COCC2SC(=O)NC2CO)CCc2c(C)c(O)c(C)c(C)c2O1,0.2543142753772298,0.07298545174360431,0.2543142753772298,USRCAT
49,0.4128330020518946,"[0.7038178129999998, 0.43616000000000005, 0.6287142857142858, 0.7159366666666671]",0.4035087719298245,90,"('mutation', '[*;!R:1]~[*:2]>>[*:1]C[*:2]', 'C#CC1(COCC2SC(=O)NC2=O)CCc2c(C)c(O)c(C)c(C)c2O1')",0.4128330020518946,0.0001924594633677,C#CC1(COCC2SC(=O)NC2CO)CCc2c(C)c(O)c(C)c(C)c2O1,0.2543142753772298,0.07298545174360431,0.07298545174360431,Zernike
50,0.1669807477797576,"[0.8469067680266664, 0.41416666666666657, 0.2903571428571429, 0.6542555555555561]",0.1691176470588235,93,"('crossover', 'CC(CCc1ccc(OBr)cc1)OBr', 'CN1CCN(COc2ccc(CN3CCN(N4CCN(OCl)CC4)CC3)cc2)C1')",0.1669807477797576,0.0001530802118145,ClON1CCN(N2CCN(Cc3ccc(OCOBr)cc3)CC2)CC1,0.14283904698054434,0.07953890547026522,0.14283904698054434,USRCAT
50,0.1669807477797576,"[0.8469067680266664, 0.41416666666666657, 0.2903571428571429, 0.6542555555555561]",0.1691176470588235,93,"('crossover', 'CC(CCc1ccc(OBr)cc1)OBr', 'CN1CCN(COc2ccc(CN3CCN(N4CCN(OCl)CC4)CC3)cc2)C1')",0.1669807477797576,0.0001530802118145,ClON1CCN(N2CCN(Cc3ccc(OCOBr)cc3)CC2)CC1,0.14283904698054434,0.07953890547026522,0.07953890547026522,Zernike
51,0.2879676537763757,"[0.8039279178133332, 0.1721666666666668, 0.5542142857142858, 0.7866188888888893]",0.2686567164179104,95,"('mutation', '[*;!R:1]~[*:2]>>[*:1]O[*:2]', 'COc1ccc(N2CCN(N3CCN(CC4SC(=O)NC4=O)CC3)CC2)cc1')",0.2879676537763757,0.0020089055921113,COc1ccc(N2CCN(N3CCN(OCC4SC(=O)NC4=O)CC3)CC2)cc1,0.119087476957279,0.07566663789599229,0.119087476957279,USRCAT
51,0.2879676537763757,"[0.8039279178133332, 0.1721666666666668, 0.5542142857142858, 0.7866188888888893]",0.2686567164179104,95,"('mutation', '[*;!R:1]~[*:2]>>[*:1]O[*:2]', 'COc1ccc(N2CCN(N3CCN(CC4SC(=O)NC4=O)CC3)CC2)cc1')",0.2879676537763757,0.0020089055921113,COc1ccc(N2CCN(N3CCN(OCC4SC(=O)NC4=O)CC3)CC2)cc1,0.119087476957279,0.07566663789599229,0.07566663789599229,Zernike
52,0.3397712410822492,"[0.6475605877599999, 0.4160266666666666, 0.303, 0.7446755555555563]",0.3305785123966942,96,"('crossover', 'Cc1c(C)c2c(c(C)c1O)CCC(C)(CN1CCN(C)C1)O2', 'Cc1c(C)c2c(c(C)c1O)CCC(C)(COCC=O)O2')",0.3397712410822492,0.0001714479439683,Cc1c(C)c2c(c(C)c1O)CCC(C)(CN1CCN(N3CCN(C)C3)C1)O2,0.1601992446036708,0.024704351630754007,0.1601992446036708,USRCAT
52,0.3397712410822492,"[0.6475605877599999, 0.4160266666666666, 0.303, 0.7446755555555563]",0.3305785123966942,96,"('crossover', 'Cc1c(C)c2c(c(C)c1O)CCC(C)(CN1CCN(C)C1)O2', 'Cc1c(C)c2c(c(C)c1O)CCC(C)(COCC=O)O2')",0.3397712410822492,0.0001714479439683,Cc1c(C)c2c(c(C)c1O)CCC(C)(CN1CCN(N3CCN(C)C3)C1)O2,0.1601992446036708,0.024704351630754007,0.024704351630754007,Zernike
53,0.1728016116426324,"[0.2504197626133333, 0.6292666666666669, 0.37728571428571434, 0.3994922222222226]",0.1666666666666666,98,"('crossover', 'CCc1ccc(OCC2(C)CCc3c(C)c(OC)c(C)c(C)c3O2)cc1', 'Cc1c(C)c2c(c(C)c1O)CCC(C)(CC(=NO)c1ccc(O)cc1)O2')",0.1728016116426324,0.000428181911525,CCc1ccc(CC(=NO)c2ccc(O)cc2)cc1,0.20146050870410973,0.023198296238076135,0.20146050870410973,USRCAT
53,0.1728016116426324,"[0.2504197626133333, 0.6292666666666669, 0.37728571428571434, 0.3994922222222226]",0.1666666666666666,98,"('crossover', 'CCc1ccc(OCC2(C)CCc3c(C)c(OC)c(C)c(C)c3O2)cc1', 'Cc1c(C)c2c(c(C)c1O)CCC(C)(CC(=NO)c1ccc(O)cc1)O2')",0.1728016116426324,0.000428181911525,CCc1ccc(CC(=NO)c2ccc(O)cc2)cc1,0.20146050870410973,0.023198296238076135,0.023198296238076135,Zernike
54,0.0569612002627867,"[0.5725271495866667, 0.6011166666666667, 0.3422857142857143, 0.09812000000000004]",0.0176991150442477,100,"('crossover', 'O=C1NC(=O)C(Cc2ccc(OC=C(C=C(O)OBr)OBr)cc2)S1', 'O=C1NC(=O)C(Cc2ccc(OC=C(C=C(O)OBr)OBr)cc2)S1')",0.0569612002627867,0.000784791486185,OC(=CC(=COBr)OBr)OBr,0.09899346136280525,0.020947700380092693,0.09899346136280525,USRCAT
54,0.0569612002627867,"[0.5725271495866667, 0.6011166666666667, 0.3422857142857143, 0.09812000000000004]",0.0176991150442477,100,"('crossover', 'O=C1NC(=O)C(Cc2ccc(OC=C(C=C(O)OBr)OBr)cc2)S1', 'O=C1NC(=O)C(Cc2ccc(OC=C(C=C(O)OBr)OBr)cc2)S1')",0.0569612002627867,0.000784791486185,OC(=CC(=COBr)OBr)OBr,0.09899346136280525,0.020947700380092693,0.020947700380092693,Zernike
55,0.2011825207932229,"[0.1670356444, 0.7832200000000005, 0.06592857142857143, 0.30415555555555596]",0.2053571428571428,102,"('crossover', 'Cc1ccc(Oc2ccc(CF)cc2)cc1', 'O=C1NC(=O)C(O)(OCOc2ccc(O)cc2)S1')",0.2011825207932229,0.0002881091280641,Cc1ccc(Oc2ccc(CCF)cc2)cc1,0.14452420296337778,0.029223113582424697,0.14452420296337778,USRCAT
55,0.2011825207932229,"[0.1670356444, 0.7832200000000005, 0.06592857142857143, 0.30415555555555596]",0.2053571428571428,102,"('crossover', 'Cc1ccc(Oc2ccc(CF)cc2)cc1', 'O=C1NC(=O)C(O)(OCOc2ccc(O)cc2)S1')",0.2011825207932229,0.0002881091280641,Cc1ccc(Oc2ccc(CCF)cc2)cc1,0.14452420296337778,0.029223113582424697,0.029223113582424697,Zernike
56,0.1860052457140044,"[0.5263843948133334, 0.6678166666666671, 0.1977857142857143, 0.27918888888888915]",0.1851851851851851,103,"('mutation', '[*;!R:1]~[*:2]>>[*:1]O[*:2]', 'CC(CCc1ccc(OBr)cc1)OBr')",0.1860052457140044,0.0002997070434672,COC(CCc1ccc(OBr)cc1)OBr,0.11898931060113889,0.02164351908237124,0.11898931060113889,USRCAT
56,0.1860052457140044,"[0.5263843948133334, 0.6678166666666671, 0.1977857142857143, 0.27918888888888915]",0.1851851851851851,103,"('mutation', '[*;!R:1]~[*:2]>>[*:1]O[*:2]', 'CC(CCc1ccc(OBr)cc1)OBr')",0.1860052457140044,0.0002997070434672,COC(CCc1ccc(OBr)cc1)OBr,0.11898931060113889,0.02164351908237124,0.02164351908237124,Zernike
57,0.1908711509561248,"[0.14361485965333334, 0.3765783333333333, 0.5686428571428571, 0.19752777777777805]",0.1926605504587156,105,"('crossover', 'CCC(=O)OCC1(C)CCc2c(C)c(O)c(C)c(C)c2O1', 'Cc1c(C)c2c(c(C)c1O)CCC(C)(COc1ccc(C(=N)O)cc1)O2')",0.1908711509561248,0.0002687504851215,CCC(=O)OCOc1ccc(C(=N)O)cc1,0.1637561944029706,0.021384213197899307,0.1637561944029706,USRCAT
57,0.1908711509561248,"[0.14361485965333334, 0.3765783333333333, 0.5686428571428571, 0.19752777777777805]",0.1926605504587156,105,"('crossover', 'CCC(=O)OCC1(C)CCc2c(C)c(O)c(C)c(C)c2O1', 'Cc1c(C)c2c(c(C)c1O)CCC(C)(COc1ccc(C(=N)O)cc1)O2')",0.1908711509561248,0.0002687504851215,CCC(=O)OCOc1ccc(C(=N)O)cc1,0.1637561944029706,0.021384213197899307,0.021384213197899307,Zernike
58,0.538019102085348,"[0.5706114788666667, 0.824373333333334, 0.44628571428571434, 0.6769533333333337]",0.5490196078431373,108,"('crossover', 'CCOc1ccc(CC2SC(=O)NC2=O)cc1', 'Cc1c(C)c2c(c(C)c1O)CCC(C)(C#N)O2')",0.538019102085348,0.0002520182482098,CCOc1ccc(CC2(C#N)CCc3c(C)c(O)c(C)c(C)c3O2)cc1,0.20034579636041283,0.021756329619282307,0.20034579636041283,USRCAT
58,0.538019102085348,"[0.5706114788666667, 0.824373333333334, 0.44628571428571434, 0.6769533333333337]",0.5490196078431373,108,"('crossover', 'CCOc1ccc(CC2SC(=O)NC2=O)cc1', 'Cc1c(C)c2c(c(C)c1O)CCC(C)(C#N)O2')",0.538019102085348,0.0002520182482098,CCOc1ccc(CC2(C#N)CCc3c(C)c(O)c(C)c(C)c3O2)cc1,0.20034579636041283,0.021756329619282307,0.021756329619282307,Zernike
59,0.310516682143939,"[0.6074018581333334, 0.48281000000000013, 0.4445714285714286, 0.6605644444444451]",0.3305084745762712,109,"('crossover', 'Cc1c(C)c2c(c(C)c1O)CCC(C)(CN1CCN(C)C1)O2', 'CCC(=O)OCC1(C)CCc2c(C)c(O)c(C)c(C)c2O1')",0.310516682143939,0.0003663516562604,CCC(=O)OC1(CN2CCN(C)C2)CCc2c(C)c(O)c(C)c(C)c2O1,0.1612005987900593,0.021918762119954794,0.1612005987900593,USRCAT
59,0.310516682143939,"[0.6074018581333334, 0.48281000000000013, 0.4445714285714286, 0.6605644444444451]",0.3305084745762712,109,"('crossover', 'Cc1c(C)c2c(c(C)c1O)CCC(C)(CN1CCN(C)C1)O2', 'CCC(=O)OCC1(C)CCc2c(C)c(O)c(C)c(C)c2O1')",0.310516682143939,0.0003663516562604,CCC(=O)OC1(CN2CCN(C)C2)CCc2c(C)c(O)c(C)c(C)c2O1,0.1612005987900593,0.021918762119954794,0.021918762119954794,Zernike
60,0.4223857343443479,"[0.3674152673333333, 0.9379100000000009, 0.21042857142857144, 0.5373422222222228]",0.41,110,"('crossover', 'CSCc1ccc(OCC2(C)CCc3c(C)c(O)c(C)c(C)c3O2)cc1', 'CC(C)(C)COc1ccc(CC2SC(=O)NC2=O)cc1')",0.4223857343443479,0.000230130120044,Cc1c(C)c2c(c(C)c1O)CCC(C)(CCC(C)(C)C)O2,0.15356365958679116,0.0215912852773702,0.15356365958679116,USRCAT
60,0.4223857343443479,"[0.3674152673333333, 0.9379100000000009, 0.21042857142857144, 0.5373422222222228]",0.41,110,"('crossover', 'CSCc1ccc(OCC2(C)CCc3c(C)c(O)c(C)c(C)c3O2)cc1', 'CC(C)(C)COc1ccc(CC2SC(=O)NC2=O)cc1')",0.4223857343443479,0.000230130120044,Cc1c(C)c2c(c(C)c1O)CCC(C)(CCC(C)(C)C)O2,0.15356365958679116,0.0215912852773702,0.0215912852773702,Zernike
61,0.3019063115414821,"[0.20680431144, 0.42516666666666664, 0.2537857142857143, 0.21207777777777814]",0.3069306930693069,112,"('crossover', 'O=C1NC(=O)C(Cc2ccc(OCOF)cc2)S1', 'O=C1CSC1Cc1ccc(OF)cc1')",0.3019063115414821,0.0001309079724626,O=C1CSC1Cc1ccc(OCOF)cc1,0.12209552578907225,0.024431670479968973,0.12209552578907225,USRCAT
61,0.3019063115414821,"[0.20680431144, 0.42516666666666664, 0.2537857142857143, 0.21207777777777814]",0.3069306930693069,112,"('crossover', 'O=C1NC(=O)C(Cc2ccc(OCOF)cc2)S1', 'O=C1CSC1Cc1ccc(OF)cc1')",0.3019063115414821,0.0001309079724626,O=C1CSC1Cc1ccc(OCOF)cc1,0.12209552578907225,0.024431670479968973,0.024431670479968973,Zernike
62,0.4486053278512775,"[0.9096270590533334, 0.6214500000000004, 0.5275714285714286, 0.5443077777777782]",0.4271844660194174,113,"('mutation', '[*;!H0;!R:1]>>[*:1]-C', 'O=C1NC(=O)C(Cc2ccc(OCC(OBr)OBr)cc2)S1')",0.4486053278512775,0.000286759571033,CC(COc1ccc(CC2SC(=O)NC2=O)cc1)(OBr)OBr,0.18644059203906635,0.04278597454724411,0.18644059203906635,USRCAT
62,0.4486053278512775,"[0.9096270590533334, 0.6214500000000004, 0.5275714285714286, 0.5443077777777782]",0.4271844660194174,113,"('mutation', '[*;!H0;!R:1]>>[*:1]-C', 'O=C1NC(=O)C(Cc2ccc(OCC(OBr)OBr)cc2)S1')",0.4486053278512775,0.000286759571033,CC(COc1ccc(CC2SC(=O)NC2=O)cc1)(OBr)OBr,0.18644059203906635,0.04278597454724411,0.04278597454724411,Zernike
63,0.3320317363821688,"[0.7907328207733334, 0.27513333333333345, 0.4223571428571429, 0.8400077777777785]",0.3076923076923077,114,"('crossover', 'Cc1c(C)c2c(c(C)c1O)CCC(C)(c1ccc(CC3SC(=O)NC3=O)cc1)O2', 'CCN1CCN(N2CCN(Cc3ccc(OCOF)cc3)CC2)CC1')",0.3320317363821688,0.0008333510317945,CCN1CCN(N2CCN(Cc3ccc(CC4SC(=O)NC4=O)cc3)CC2)CC1,0.15329485048637015,0.1372850948381997,0.15329485048637015,USRCAT
63,0.3320317363821688,"[0.7907328207733334, 0.27513333333333345, 0.4223571428571429, 0.8400077777777785]",0.3076923076923077,114,"('crossover', 'Cc1c(C)c2c(c(C)c1O)CCC(C)(c1ccc(CC3SC(=O)NC3=O)cc1)O2', 'CCN1CCN(N2CCN(Cc3ccc(OCOF)cc3)CC2)CC1')",0.3320317363821688,0.0008333510317945,CCN1CCN(N2CCN(Cc3ccc(CC4SC(=O)NC4=O)cc3)CC2)CC1,0.15329485048637015,0.1372850948381997,0.1372850948381997,Zernike
64,0.5174578893143397,"[0.6504940034133332, 0.7864016666666673, 0.6571428571428571, 0.6451700000000006]",0.5094339622641509,115,"('crossover', 'O=C1NC(=O)C(Cc2ccc(OCOF)cc2)S1', 'Cc1c(C)c2c(c(C)c1O)CCC(C)(COc1ccc(C(=N)O)cc1)O2')",0.5174578893143397,0.0001705666365492,Cc1c(O)c(OF)c(C)c2c1CCC(C)(COc1ccc(C(=N)O)cc1)O2,0.2545490814669185,0.02184685121556335,0.2545490814669185,USRCAT
64,0.5174578893143397,"[0.6504940034133332, 0.7864016666666673, 0.6571428571428571, 0.6451700000000006]",0.5094339622641509,115,"('crossover', 'O=C1NC(=O)C(Cc2ccc(OCOF)cc2)S1', 'Cc1c(C)c2c(c(C)c1O)CCC(C)(COc1ccc(C(=N)O)cc1)O2')",0.5174578893143397,0.0001705666365492,Cc1c(O)c(OF)c(C)c2c1CCC(C)(COc1ccc(C(=N)O)cc1)O2,0.2545490814669185,0.02184685121556335,0.02184685121556335,Zernike
65,0.2179567105694927,"[0.3199582111866668, 0.017700000000000004, 0.7254999999999999, 0.22949333333333352]",0.209090909090909,116,"('crossover', 'Cc1c(C)c2c(c(C)c1O)CCC(C)(COCC1SC(=O)NC1=O)O2', 'O=C1NC(=O)C(Cc2ccc(ONCO)cc2)S1')",0.2179567105694927,0.0005271551289287,O=C1NC(=O)C(COCC2SC(=O)NC2=O)S1,0.13955448954084704,0.025405689066331772,0.13955448954084704,USRCAT
65,0.2179567105694927,"[0.3199582111866668, 0.017700000000000004, 0.7254999999999999, 0.22949333333333352]",0.209090909090909,116,"('crossover', 'Cc1c(C)c2c(c(C)c1O)CCC(C)(COCC1SC(=O)NC1=O)O2', 'O=C1NC(=O)C(Cc2ccc(ONCO)cc2)S1')",0.2179567105694927,0.0005271551289287,O=C1NC(=O)C(COCC2SC(=O)NC2=O)S1,0.13955448954084704,0.025405689066331772,0.025405689066331772,Zernike
66,0.369891458486079,"[0.5733958782799997, 0.22761666666666658, 0.8040714285714285, 0.49934666666666677]",0.3513513513513513,117,"('crossover', 'O=C1NC(=O)C(Cc2ccc(OCCO)cc2)S1', 'Cc1c(C)c2c(c(C)c1O)CCC(C)(COC(O)C1SC(=O)NC1=O)O2')",0.369891458486079,0.0002755872788034,O=C1NC(=O)C(Cc2ccc(C(O)C3SC(=O)NC3=O)cc2)S1,0.21071079996128814,0.033831120577767694,0.21071079996128814,USRCAT
66,0.369891458486079,"[0.5733958782799997, 0.22761666666666658, 0.8040714285714285, 0.49934666666666677]",0.3513513513513513,117,"('crossover', 'O=C1NC(=O)C(Cc2ccc(OCCO)cc2)S1', 'Cc1c(C)c2c(c(C)c1O)CCC(C)(COC(O)C1SC(=O)NC1=O)O2')",0.369891458486079,0.0002755872788034,O=C1NC(=O)C(Cc2ccc(C(O)C3SC(=O)NC3=O)cc2)S1,0.21071079996128814,0.033831120577767694,0.033831120577767694,Zernike
67,0.2202103347147338,"[0.013633192919999999, 0.48815000000000014, 0.13185714285714287, 0.09305555555555588]",0.2178217821782178,118,"('crossover', 'Cc1c(C)c2c(c(C)c1O)CCC(C)(COc1ccc(CCO)cc1)O2', 'CCc1ccc(OCC2(C)CCc3c(C)c(OCOF)c(C)c(C)c3O2)cc1')",0.2202103347147338,0.000391854168097,CCc1ccc(OCCOF)cc1,0.11350023282234609,0.023245355742433176,0.11350023282234609,USRCAT
67,0.2202103347147338,"[0.013633192919999999, 0.48815000000000014, 0.13185714285714287, 0.09305555555555588]",0.2178217821782178,118,"('crossover', 'Cc1c(C)c2c(c(C)c1O)CCC(C)(COc1ccc(CCO)cc1)O2', 'CCc1ccc(OCC2(C)CCc3c(C)c(OCOF)c(C)c(C)c3O2)cc1')",0.2202103347147338,0.000391854168097,CCc1ccc(OCCOF)cc1,0.11350023282234609,0.023245355742433176,0.023245355742433176,Zernike
68,0.2647404464778018,"[0.2137372591733333, 0.5115366666666669, 0.5662142857142857, 0.33655777777777807]",0.2407407407407407,119,"('mutation', '[*;!H0:1]-[*;!H0:2]>>[*:1]=[*:2]', 'Cc1c(C)c2c(c(N)c1O)CCC(C)(CC#N)O2')",0.2647404464778018,0.0003902941583574,Cc1c(C)c2c(c(N)c1O)C=CC(C)(CC#N)O2,0.12882095261191182,0.02217173963190469,0.12882095261191182,USRCAT
68,0.2647404464778018,"[0.2137372591733333, 0.5115366666666669, 0.5662142857142857, 0.33655777777777807]",0.2407407407407407,119,"('mutation', '[*;!H0:1]-[*;!H0:2]>>[*:1]=[*:2]', 'Cc1c(C)c2c(c(N)c1O)CCC(C)(CC#N)O2')",0.2647404464778018,0.0003902941583574,Cc1c(C)c2c(c(N)c1O)C=CC(C)(CC#N)O2,0.12882095261191182,0.02217173963190469,0.02217173963190469,Zernike
69,0.3626404323232967,"[0.18717492626666665, 0.33894, 0.5821428571428572, 0.31557333333333365]",0.3505154639175257,121,"('crossover', 'Cc1c(C)c2c(c(N)c1O)CCC(C)(CC#N)O2', 'Cc1c(C)c2c(c(C)c1O)CCC(C)(COCC=O)O2')",0.3626404323232967,0.0002374738587345,Cc1c(C)c2c(c(N)c1O)CCC(C)(CN)O2,0.1321411244485078,0.021306669747562037,0.1321411244485078,USRCAT
69,0.3626404323232967,"[0.18717492626666665, 0.33894, 0.5821428571428572, 0.31557333333333365]",0.3505154639175257,121,"('crossover', 'Cc1c(C)c2c(c(N)c1O)CCC(C)(CC#N)O2', 'Cc1c(C)c2c(c(C)c1O)CCC(C)(COCC=O)O2')",0.3626404323232967,0.0002374738587345,Cc1c(C)c2c(c(N)c1O)CCC(C)(CN)O2,0.1321411244485078,0.021306669747562037,0.021306669747562037,Zernike
70,0.3069454396236056,"[0.45657375448, 0.31129999999999997, 0.4182857142857143, 0.33440555555555596]",0.3009708737864077,123,"('crossover', 'O=C1NC(O)SC1Cc1ccc(OBr)cc1', 'O=C1NC(=O)C(Cc2ccc(ONCO)cc2)S1')",0.3069454396236056,0.0006617882410638,O=C1NC(CO)SC1Cc1ccc(OBr)cc1,0.14410156189595016,0.021921413539555498,0.14410156189595016,USRCAT
70,0.3069454396236056,"[0.45657375448, 0.31129999999999997, 0.4182857142857143, 0.33440555555555596]",0.3009708737864077,123,"('crossover', 'O=C1NC(O)SC1Cc1ccc(OBr)cc1', 'O=C1NC(=O)C(Cc2ccc(ONCO)cc2)S1')",0.3069454396236056,0.0006617882410638,O=C1NC(CO)SC1Cc1ccc(OBr)cc1,0.14410156189595016,0.021921413539555498,0.021921413539555498,Zernike
71,0.364182122887235,"[0.22041864812, 0.5224266666666668, 0.3549285714285714, 0.3264844444444448]",0.3673469387755102,125,"('mutation', '[*;!H0;!R:1]>>[*:1]-O', 'C#CC1(C)CCc2c(C)c(O)c(C)c(C)c2O1')",0.364182122887235,0.0001320051498608,Cc1c(C)c2c(c(C)c1O)CCC(C)(C#CO)O2,0.17046090159877833,0.023228690956348812,0.17046090159877833,USRCAT
71,0.364182122887235,"[0.22041864812, 0.5224266666666668, 0.3549285714285714, 0.3264844444444448]",0.3673469387755102,125,"('mutation', '[*;!H0;!R:1]>>[*:1]-O', 'C#CC1(C)CCc2c(C)c(O)c(C)c(C)c2O1')",0.364182122887235,0.0001320051498608,Cc1c(C)c2c(c(C)c1O)CCC(C)(C#CO)O2,0.17046090159877833,0.023228690956348812,0.023228690956348812,Zernike
72,0.1793858059232243,"[0.18688295333333335, 0.7686166666666671, 0.13185714285714287, 0.21673333333333364]",0.1739130434782608,126,"('crossover', 'Cc1ccc(Oc2ccc(CF)cc2)cc1', 'O=C1CSC1Cc1ccc(OF)cc1')",0.1793858059232243,0.0002419563736675,FCc1ccc(Oc2ccc(OF)cc2)cc1,0.13524324045413477,0.02439451712006942,0.13524324045413477,USRCAT
72,0.1793858059232243,"[0.18688295333333335, 0.7686166666666671, 0.13185714285714287, 0.21673333333333364]",0.1739130434782608,126,"('crossover', 'Cc1ccc(Oc2ccc(CF)cc2)cc1', 'O=C1CSC1Cc1ccc(OF)cc1')",0.1793858059232243,0.0002419563736675,FCc1ccc(Oc2ccc(OF)cc2)cc1,0.13524324045413477,0.02439451712006942,0.02439451712006942,Zernike
73,0.2483587959301894,"[0.32374961076, 0.2545833333333332, 0.2541428571428571, 0.43753000000000053]",0.247787610619469,127,"('crossover', 'CN1CCN(Cc2ccc(CC3SCNC3=O)cc2)C1', 'Cc1ccc(CC2(C)CCc3c(C)c(O)c(C)c(C)c3O2)cc1')",0.2483587959301894,0.0003523840470665,CN1CCN(c2ccc(CC3SCNC3=O)cc2)C1,0.1598084615846507,0.023882172501586266,0.1598084615846507,USRCAT
73,0.2483587959301894,"[0.32374961076, 0.2545833333333332, 0.2541428571428571, 0.43753000000000053]",0.247787610619469,127,"('crossover', 'CN1CCN(Cc2ccc(CC3SCNC3=O)cc2)C1', 'Cc1ccc(CC2(C)CCc3c(C)c(O)c(C)c(C)c3O2)cc1')",0.2483587959301894,0.0003523840470665,CN1CCN(c2ccc(CC3SCNC3=O)cc2)C1,0.1598084615846507,0.023882172501586266,0.023882172501586266,Zernike
74,0.2066694837243758,"[0.7435540558533333, 0.5500333333333336, 0.20128571428571432, 0.6036888888888896]",0.2047244094488189,128,"('mutation', '[*:1]~[D2]~[*:2]>>[*:1]-[*:2]', 'ClON1CCN(N2CCC(Cc3ccc(OCOBr)cc3)C2)CC1')",0.2066694837243758,0.0002072796677405,ClN1CCN(N2CCC(Cc3ccc(OCOBr)cc3)C2)CC1,0.1430121887822809,0.058392540948880106,0.1430121887822809,USRCAT
74,0.2066694837243758,"[0.7435540558533333, 0.5500333333333336, 0.20128571428571432, 0.6036888888888896]",0.2047244094488189,128,"('mutation', '[*:1]~[D2]~[*:2]>>[*:1]-[*:2]', 'ClON1CCN(N2CCC(Cc3ccc(OCOBr)cc3)C2)CC1')",0.2066694837243758,0.0002072796677405,ClN1CCN(N2CCC(Cc3ccc(OCOBr)cc3)C2)CC1,0.1430121887822809,0.058392540948880106,0.058392540948880106,Zernike
75,0.4674138182772311,"[0.6571364240533332, 0.4668766666666666, 0.7492142857142857, 0.6641988888888892]",0.4857142857142857,133,"('mutation', '[*;!H0:1]-[*;!H0:2]>>[*:1]=[*:2]', 'Cc1c(C)c2c(c(C)c1O)CCC(C)(CN(N)CC1SC(=O)NC1=O)O2')",0.4674138182772311,0.0002567262079705,Cc1c(C)c2c(c(C)c1O)CCC(C)(CN(N)C=C1SC(=O)NC1=O)O2,0.2494481563420823,0.13226963615045526,0.2494481563420823,USRCAT
75,0.4674138182772311,"[0.6571364240533332, 0.4668766666666666, 0.7492142857142857, 0.6641988888888892]",0.4857142857142857,133,"('mutation', '[*;!H0:1]-[*;!H0:2]>>[*:1]=[*:2]', 'Cc1c(C)c2c(c(C)c1O)CCC(C)(CN(N)CC1SC(=O)NC1=O)O2')",0.4674138182772311,0.0002567262079705,Cc1c(C)c2c(c(C)c1O)CCC(C)(CN(N)C=C1SC(=O)NC1=O)O2,0.2494481563420823,0.13226963615045526,0.13226963615045526,Zernike
76,0.6989285217962049,"[0.8505014309333332, 0.7585433333333339, 0.5402142857142858, 0.9066500000000005]",0.7029702970297029,135,"('crossover', 'C#CC1(COCC2SC(=O)NC2=O)CCc2c(C)c(O)c(C)c(C)c2O1', 'Cc1c(C)c2c(c(C)c1O)CCC(C)(c1ccc(CC3SC(=O)NC3=O)cc1)O2')",0.6989285217962049,0.0001685143361179,C#CC1(Cc2ccc(CC3SC(=O)NC3=O)cc2)CCc2c(C)c(O)c(C)c(C)c2O1,0.5386765957307872,0.11757487987699333,0.5386765957307872,USRCAT
76,0.6989285217962049,"[0.8505014309333332, 0.7585433333333339, 0.5402142857142858, 0.9066500000000005]",0.7029702970297029,135,"('crossover', 'C#CC1(COCC2SC(=O)NC2=O)CCc2c(C)c(O)c(C)c(C)c2O1', 'Cc1c(C)c2c(c(C)c1O)CCC(C)(c1ccc(CC3SC(=O)NC3=O)cc1)O2')",0.6989285217962049,0.0001685143361179,C#CC1(Cc2ccc(CC3SC(=O)NC3=O)cc2)CCc2c(C)c(O)c(C)c(C)c2O1,0.5386765957307872,0.11757487987699333,0.11757487987699333,Zernike
77,0.5807830536884829,"[0.687183934373333, 0.9488766666666676, 0.3982857142857143, 0.769503333333334]",0.594059405940594,138,"('mutation', '[*;!H0;!R:1]~[*:2]>>[*:1]=C-[*:2]', 'Cc1c(C)c2c(c(C)c1O)CCC(C)(COc1ccc(CSO)cc1)O2')",0.5807830536884829,0.0002339866315912,Cc1c(C)c2c(c(C)c1C=O)CCC(C)(COc1ccc(CSO)cc1)O2,0.21229867903681815,0.11234643630793913,0.21229867903681815,USRCAT
77,0.5807830536884829,"[0.687183934373333, 0.9488766666666676, 0.3982857142857143, 0.769503333333334]",0.594059405940594,138,"('mutation', '[*;!H0;!R:1]~[*:2]>>[*:1]=C-[*:2]', 'Cc1c(C)c2c(c(C)c1O)CCC(C)(COc1ccc(CSO)cc1)O2')",0.5807830536884829,0.0002339866315912,Cc1c(C)c2c(c(C)c1C=O)CCC(C)(COc1ccc(CSO)cc1)O2,0.21229867903681815,0.11234643630793913,0.11234643630793913,Zernike
78,0.1859249235944513,"[0.8271410096266667, 0.2317166666666667, 0.3689285714285715, 0.7097311111111119]",0.1838235294117647,139,"('crossover', 'CN1CCN(N2CCN(Cc3ccc(OCOF)cc3)CC2)CC1', 'CN1CCN(N2CCN(Cc3ccc(CC(O)OBr)cc3)CC2)C1')",0.1859249235944513,0.0001270372010929,CN1CCN(N2CCN(Cc3ccc(OCC(O)OBr)cc3)CC2)CC1,0.1640480490121273,0.10914026794321331,0.1640480490121273,USRCAT
78,0.1859249235944513,"[0.8271410096266667, 0.2317166666666667, 0.3689285714285715, 0.7097311111111119]",0.1838235294117647,139,"('crossover', 'CN1CCN(N2CCN(Cc3ccc(OCOF)cc3)CC2)CC1', 'CN1CCN(N2CCN(Cc3ccc(CC(O)OBr)cc3)CC2)C1')",0.1859249235944513,0.0001270372010929,CN1CCN(N2CCN(Cc3ccc(OCC(O)OBr)cc3)CC2)CC1,0.1640480490121273,0.10914026794321331,0.10914026794321331,Zernike
79,0.4252036568030246,"[0.41049019384, 0.6229100000000004, 0.5408571428571429, 0.46159555555555587]",0.4174757281553398,140,"('crossover', 'CCOc1ccc(-c2cc(O)on2)cc1', 'Cc1ccc(CC2(C)CCc3c(C)c(O)c(C)c(C)c3O2)cc1')",0.4252036568030246,0.0022217715225221,Cc1c(C)c2c(c(C)c1O)CCC(C)(Cc1cc(O)on1)O2,0.2735120218658717,0.027235441773175786,0.2735120218658717,USRCAT
79,0.4252036568030246,"[0.41049019384, 0.6229100000000004, 0.5408571428571429, 0.46159555555555587]",0.4174757281553398,140,"('crossover', 'CCOc1ccc(-c2cc(O)on2)cc1', 'Cc1ccc(CC2(C)CCc3c(C)c(O)c(C)c(C)c3O2)cc1')",0.4252036568030246,0.0022217715225221,Cc1c(C)c2c(c(C)c1O)CCC(C)(Cc1cc(O)on1)O2,0.2735120218658717,0.027235441773175786,0.027235441773175786,Zernike
80,0.1487625188233355,"[0.79687043792, 0.5911333333333336, 0.26721428571428574, 0.6175666666666674]",0.1470588235294117,141,"('mutation', '[*:1]~[D3](~[*;!H0:2])~[*:3]>>[*:1]-[*:2]-[*:3]', 'ClON1CCN(N2CCN(Cc3ccc(OCOBr)cc3)CC2)CC1')",0.1487625188233355,0.0003218486782548,ClON1CCN(N2CCC(c3ccc(OCOBr)cc3)CC2)CC1,0.13193259385546519,0.04372777528883644,0.13193259385546519,USRCAT
80,0.1487625188233355,"[0.79687043792, 0.5911333333333336, 0.26721428571428574, 0.6175666666666674]",0.1470588235294117,141,"('mutation', '[*:1]~[D3](~[*;!H0:2])~[*:3]>>[*:1]-[*:2]-[*:3]', 'ClON1CCN(N2CCN(Cc3ccc(OCOBr)cc3)CC2)CC1')",0.1487625188233355,0.0003218486782548,ClON1CCN(N2CCC(c3ccc(OCOBr)cc3)CC2)CC1,0.13193259385546519,0.04372777528883644,0.04372777528883644,Zernike
81,0.093161218000373,"[0.4539261236666668, 0.042600000000000436, 0.20478571428571432, 0.46340000000000053]",0.0425531914893617,142,"('crossover', 'Cc1c(C)c2c(c(C)c1CN1C=CN(C)CC1)CC(C)(CN1C=CN(C)CC1)O2', 'CCOc1ccc(CN2CCN(N3CCN(OCl)CC3)CC2)cc1')",0.093161218000373,0.0008695777670695,CN1C=CN(N2CCN(N3CCN(OCl)CC3)CC2)CC1,0.0944054930571295,0.022301597543145507,0.0944054930571295,USRCAT
81,0.093161218000373,"[0.4539261236666668, 0.042600000000000436, 0.20478571428571432, 0.46340000000000053]",0.0425531914893617,142,"('crossover', 'Cc1c(C)c2c(c(C)c1CN1C=CN(C)CC1)CC(C)(CN1C=CN(C)CC1)O2', 'CCOc1ccc(CN2CCN(N3CCN(OCl)CC3)CC2)cc1')",0.093161218000373,0.0008695777670695,CN1C=CN(N2CCN(N3CCN(OCl)CC3)CC2)CC1,0.0944054930571295,0.022301597543145507,0.022301597543145507,Zernike
82,0.2717397632870396,"[0.6709267091333334, 0.6736433333333339, 0.13535714285714287, 0.8410777777777786]",0.28125,143,"('mutation', '[*:1]~[D3](~[*;!H0:2])~[*:3]>>[*:1]-[*:2]-[*:3]', 'Cc1c(C)c2c(c(C)c1CN1C=CN(C)CC1)CC(C)(CN1C=CN(C)CC1)O2')",0.2717397632870396,0.0003805177341143,Cc1c(C)c2c(c(C)c1CC1C=CN(C)C1)CC(C)(CN1C=CN(C)CC1)O2,0.14848703236181773,0.020949546550201294,0.14848703236181773,USRCAT
82,0.2717397632870396,"[0.6709267091333334, 0.6736433333333339, 0.13535714285714287, 0.8410777777777786]",0.28125,143,"('mutation', '[*:1]~[D3](~[*;!H0:2])~[*:3]>>[*:1]-[*:2]-[*:3]', 'Cc1c(C)c2c(c(C)c1CN1C=CN(C)CC1)CC(C)(CN1C=CN(C)CC1)O2')",0.2717397632870396,0.0003805177341143,Cc1c(C)c2c(c(C)c1CC1C=CN(C)C1)CC(C)(CN1C=CN(C)CC1)O2,0.14848703236181773,0.020949546550201294,0.020949546550201294,Zernike
83,0.1888666733434452,"[0.5141229206666666, 0.26120000000000015, 0.303, 0.602894444444445]",0.1908396946564885,145,"('crossover', 'CCOc1ccc(CN2CCN(N3CCN(O)CC3)CC2)cc1', 'CCc1ccc(OCC2(C)CCc3c(C)c(OCOF)c(C)c(C)c3O2)cc1')",0.1888666733434452,0.0004128651932854,CCc1ccc(OCCN2CCN(N3CCN(O)CC3)CC2)cc1,0.12006345000452429,0.03178265758614811,0.12006345000452429,USRCAT
83,0.1888666733434452,"[0.5141229206666666, 0.26120000000000015, 0.303, 0.602894444444445]",0.1908396946564885,145,"('crossover', 'CCOc1ccc(CN2CCN(N3CCN(O)CC3)CC2)cc1', 'CCc1ccc(OCC2(C)CCc3c(C)c(OCOF)c(C)c(C)c3O2)cc1')",0.1888666733434452,0.0004128651932854,CCc1ccc(OCCN2CCN(N3CCN(O)CC3)CC2)cc1,0.12006345000452429,0.03178265758614811,0.03178265758614811,Zernike
84,0.5183926392013547,"[0.8204202855866665, 0.3654433333333333, 0.814, 0.7094688888888894]",0.5137614678899083,146,"('mutation', '[*;!H0;!R:1]>>[*:1]-F', 'COCC1(C(=O)NCC2SC(=O)NC2=O)CCc2c(C)c(O)c(C)c(C)c2O1')",0.5183926392013547,0.0001483031517751,Cc1c(C)c2c(c(C)c1O)CCC(COCF)(C(=O)NCC1SC(=O)NC1=O)O2,0.2513353720584835,0.12406712495549473,0.2513353720584835,USRCAT
84,0.5183926392013547,"[0.8204202855866665, 0.3654433333333333, 0.814, 0.7094688888888894]",0.5137614678899083,146,"('mutation', '[*;!H0;!R:1]>>[*:1]-F', 'COCC1(C(=O)NCC2SC(=O)NC2=O)CCc2c(C)c(O)c(C)c(C)c2O1')",0.5183926392013547,0.0001483031517751,Cc1c(C)c2c(c(C)c1O)CCC(COCF)(C(=O)NCC1SC(=O)NC1=O)O2,0.2513353720584835,0.12406712495549473,0.12406712495549473,Zernike
85,0.0522451381591557,"[0.5925623652000002, 0.33075000000000004, 0.40821428571428575, 0.06425333333333343]",0.0267857142857142,147,"('crossover', 'O=C1SC(OCC(OBr)OCC(OBr)OBr)C1=O', 'Cc1c(C)c2c(c(C)c1O)CCC(C)(CN(N)CC1SC(=O)NC1=O)O2')",0.0522451381591557,0.0004297498487871,OC(OBr)OCC(OBr)OBr,0.09768836362250605,0.021112036320183908,0.09768836362250605,USRCAT
85,0.0522451381591557,"[0.5925623652000002, 0.33075000000000004, 0.40821428571428575, 0.06425333333333343]",0.0267857142857142,147,"('crossover', 'O=C1SC(OCC(OBr)OCC(OBr)OBr)C1=O', 'Cc1c(C)c2c(c(C)c1O)CCC(C)(CN(N)CC1SC(=O)NC1=O)O2')",0.0522451381591557,0.0004297498487871,OC(OBr)OCC(OBr)OBr,0.09768836362250605,0.021112036320183908,0.021112036320183908,Zernike
86,0.4330702847861957,"[0.24350704070666665, 0.1229666666666666, 0.6674999999999999, 0.25572000000000017]",0.425531914893617,149,"('crossover', 'O=C1NC(=O)C(Cc2ccc(ONCO)cc2)S1', 'Cc1c(C)c2c(c(C)c1O)CCC(C)(COC(N)CC1SC(=O)NC1=O)O2')",0.4330702847861957,0.0004804239711109,NNOc1ccc(CC2SC(=O)NC2=O)cc1,0.16872912350257083,0.024736035649487054,0.16872912350257083,USRCAT
86,0.4330702847861957,"[0.24350704070666665, 0.1229666666666666, 0.6674999999999999, 0.25572000000000017]",0.425531914893617,149,"('crossover', 'O=C1NC(=O)C(Cc2ccc(ONCO)cc2)S1', 'Cc1c(C)c2c(c(C)c1O)CCC(C)(COC(N)CC1SC(=O)NC1=O)O2')",0.4330702847861957,0.0004804239711109,NNOc1ccc(CC2SC(=O)NC2=O)cc1,0.16872912350257083,0.024736035649487054,0.024736035649487054,Zernike
