,Algorithm,Benchmark,function_calls,quality_diversity
0,GB-EPI,USRCAT,0,2.46845030451444
1,GB-EPI,USRCAT,50,2.9644724195643377
2,GB-EPI,USRCAT,100,3.918361102352603
3,GB-EPI,USRCAT,150,4.872249785140868
4,GB-EPI,USRCAT,200,5.826138467929132
5,GB-EPI,USRCAT,250,6.780027150717397
6,GB-EPI,USRCAT,300,7.7339158335056615
7,GB-EPI,USRCAT,350,8.2747353077368
8,GB-EPI,USRCAT,400,8.724881053260273
9,GB-EPI,USRCAT,450,9.175026798783747
10,GB-EPI,USRCAT,500,9.625172544307222
11,GB-EPI,USRCAT,550,10.075318289830696
12,GB-EPI,USRCAT,600,10.366351530046668
13,GB-EPI,USRCAT,650,10.601480376505949
14,GB-EPI,USRCAT,700,10.83660922296523
15,GB-EPI,USRCAT,750,11.07173806942451
16,GB-EPI,USRCAT,800,11.306866915883791
17,GB-EPI,USRCAT,850,11.541995762343072
18,GB-EPI,USRCAT,900,11.74005059092333
19,GB-EPI,USRCAT,950,11.926397834910212
20,GB-EPI,USRCAT,1000,12.112745078897094
21,GB-EPI,USRCAT,1050,12.299092322883975
22,GB-EPI,USRCAT,1100,12.485439566870859
23,GB-EPI,USRCAT,1150,12.649530618718504
24,GB-EPI,USRCAT,1200,12.770418474060572
25,GB-EPI,USRCAT,1250,12.89130632940264
26,GB-EPI,USRCAT,1300,13.012194184744708
27,GB-EPI,USRCAT,1350,13.133082040086776
28,GB-EPI,USRCAT,1400,13.321090472685675
29,GB-EPI,USRCAT,1450,13.628424375963387
30,GB-EPI,USRCAT,1500,13.9357582792411
0,GB-EPI,Zernike,0,0.673237207286032
1,GB-EPI,Zernike,50,0.8715157899613127
2,GB-EPI,Zernike,100,1.238698350471092
3,GB-EPI,Zernike,150,1.6058809109808712
4,GB-EPI,Zernike,200,1.9730634714906505
5,GB-EPI,Zernike,250,2.3402460320004295
6,GB-EPI,Zernike,300,2.707428592510209
7,GB-EPI,Zernike,350,2.921217800107616
8,GB-EPI,Zernike,400,3.128615618000341
9,GB-EPI,Zernike,450,3.336013435893066
10,GB-EPI,Zernike,500,3.543411253785791
11,GB-EPI,Zernike,550,3.750809071678516
12,GB-EPI,Zernike,600,3.864397698829263
13,GB-EPI,Zernike,650,3.94836237100886
14,GB-EPI,Zernike,700,4.032327043188456
15,GB-EPI,Zernike,750,4.116291715368053
16,GB-EPI,Zernike,800,4.2002563875476495
17,GB-EPI,Zernike,850,4.336409887110059
18,GB-EPI,Zernike,900,4.497122834852616
19,GB-EPI,Zernike,950,4.657835782595174
20,GB-EPI,Zernike,1000,4.818548730337731
21,GB-EPI,Zernike,1050,4.979261678080288
22,GB-EPI,Zernike,1100,5.139974625822846
23,GB-EPI,Zernike,1150,5.268015243026032
24,GB-EPI,Zernike,1200,5.347047364420162
25,GB-EPI,Zernike,1250,5.4260794858142924
26,GB-EPI,Zernike,1300,5.505111607208423
27,GB-EPI,Zernike,1350,5.5841437286025535
28,GB-EPI,Zernike,1400,5.663175849996684
29,GB-EPI,Zernike,1450,5.755318094922733
30,GB-EPI,Zernike,1500,5.85073787073176
0,GB-EPI,USRCAT,0,2.51221111549767
1,GB-EPI,USRCAT,50,3.0632837123054424
2,GB-EPI,USRCAT,100,4.123038706166543
3,GB-EPI,USRCAT,150,5.182793700027645
4,GB-EPI,USRCAT,200,6.242548693888746
5,GB-EPI,USRCAT,250,6.7187782222632375
6,GB-EPI,USRCAT,300,7.100015233000374
7,GB-EPI,USRCAT,350,7.48125224373751
8,GB-EPI,USRCAT,400,7.862489254474645
9,GB-EPI,USRCAT,450,8.243726265211782
10,GB-EPI,USRCAT,500,8.565404984987518
11,GB-EPI,USRCAT,550,8.853582166097468
12,GB-EPI,USRCAT,600,9.141759347207417
13,GB-EPI,USRCAT,650,9.429936528317366
14,GB-EPI,USRCAT,700,9.718113709427314
15,GB-EPI,USRCAT,750,9.983462445941257
16,GB-EPI,USRCAT,800,10.22598273785919
17,GB-EPI,USRCAT,850,10.468503029777125
18,GB-EPI,USRCAT,900,10.711023321695059
19,GB-EPI,USRCAT,950,10.953543613612993
20,GB-EPI,USRCAT,1000,11.140634784204762
21,GB-EPI,USRCAT,1050,11.276560612033917
22,GB-EPI,USRCAT,1100,11.412486439863072
23,GB-EPI,USRCAT,1150,11.548412267692227
24,GB-EPI,USRCAT,1200,11.684338095521381
25,GB-EPI,USRCAT,1250,11.820263923350536
26,GB-EPI,USRCAT,1300,11.9274627538796
27,GB-EPI,USRCAT,1350,12.029189775399125
28,GB-EPI,USRCAT,1400,12.130916796918651
29,GB-EPI,USRCAT,1450,12.232643818438175
30,GB-EPI,USRCAT,1500,12.3343708399577
0,GB-EPI,Zernike,0,0.815326977246411
1,GB-EPI,Zernike,50,1.0239872709910964
2,GB-EPI,Zernike,100,1.4103952223701437
3,GB-EPI,Zernike,150,1.796803173749191
4,GB-EPI,Zernike,200,2.183211125128238
5,GB-EPI,Zernike,250,2.5696190765072853
6,GB-EPI,Zernike,300,2.8488321326088752
7,GB-EPI,Zernike,350,3.0119173854932195
8,GB-EPI,Zernike,400,3.1750026383775634
9,GB-EPI,Zernike,450,3.3380878912619076
10,GB-EPI,Zernike,500,3.501173144146252
11,GB-EPI,Zernike,550,3.6642583970305957
12,GB-EPI,Zernike,600,3.8121434039452677
13,GB-EPI,Zernike,650,3.9277278881743865
14,GB-EPI,Zernike,700,4.043312372403505
15,GB-EPI,Zernike,750,4.158896856632623
16,GB-EPI,Zernike,800,4.274481340861742
17,GB-EPI,Zernike,850,4.39006582509086
18,GB-EPI,Zernike,900,4.496307251913412
19,GB-EPI,Zernike,950,4.5729623302818325
20,GB-EPI,Zernike,1000,4.649617408650254
21,GB-EPI,Zernike,1050,4.726272487018676
22,GB-EPI,Zernike,1100,4.8029275653870975
23,GB-EPI,Zernike,1150,4.879582643755518
24,GB-EPI,Zernike,1200,4.97450008639169
25,GB-EPI,Zernike,1250,5.075184591428204
26,GB-EPI,Zernike,1300,5.1758690964647185
27,GB-EPI,Zernike,1350,5.276553601501233
28,GB-EPI,Zernike,1400,5.377238106537747
29,GB-EPI,Zernike,1450,5.484486095182033
30,GB-EPI,Zernike,1500,5.69456199368143
0,GB-EPI,USRCAT,0,1.81739016450612
1,GB-EPI,USRCAT,50,2.4693522493375837
2,GB-EPI,USRCAT,100,3.6766894434699244
3,GB-EPI,USRCAT,150,4.884026637602265
4,GB-EPI,USRCAT,200,5.952028694518362
5,GB-EPI,USRCAT,250,6.6617403985926895
6,GB-EPI,USRCAT,300,7.371452102667018
7,GB-EPI,USRCAT,350,8.081163806741346
8,GB-EPI,USRCAT,400,8.790875510815674
9,GB-EPI,USRCAT,450,9.14534856658698
10,GB-EPI,USRCAT,500,9.468931305114547
11,GB-EPI,USRCAT,550,9.792514043642111
12,GB-EPI,USRCAT,600,10.116096782169677
13,GB-EPI,USRCAT,650,10.383481014492604
14,GB-EPI,USRCAT,700,10.619253587075422
15,GB-EPI,USRCAT,750,10.855026159658237
16,GB-EPI,USRCAT,800,11.090798732241055
17,GB-EPI,USRCAT,850,11.326571304823872
18,GB-EPI,USRCAT,900,11.513329102003675
19,GB-EPI,USRCAT,950,11.667410382248137
20,GB-EPI,USRCAT,1000,11.821491662492598
21,GB-EPI,USRCAT,1050,11.97557294273706
22,GB-EPI,USRCAT,1100,12.12965422298152
23,GB-EPI,USRCAT,1150,12.30353510904085
24,GB-EPI,USRCAT,1200,12.547614597534713
25,GB-EPI,USRCAT,1250,12.791694086028576
26,GB-EPI,USRCAT,1300,13.035773574522437
27,GB-EPI,USRCAT,1350,13.2798530630163
28,GB-EPI,USRCAT,1400,13.500623636548013
29,GB-EPI,USRCAT,1450,13.550462167023957
30,GB-EPI,USRCAT,1500,13.6003006974999
0,GB-EPI,Zernike,0,0.559616729230434
1,GB-EPI,Zernike,50,0.7935829055197019
2,GB-EPI,Zernike,100,1.159155055971683
3,GB-EPI,Zernike,150,1.5247272064236643
4,GB-EPI,Zernike,200,1.8902993568756452
5,GB-EPI,Zernike,250,2.213024939871103
6,GB-EPI,Zernike,300,2.5190879688556906
7,GB-EPI,Zernike,350,2.8251509978402787
8,GB-EPI,Zernike,400,3.1312140268248663
9,GB-EPI,Zernike,450,3.4230331389353688
10,GB-EPI,Zernike,500,3.640071687456926
11,GB-EPI,Zernike,550,3.8571102359784826
12,GB-EPI,Zernike,600,4.074148784500039
13,GB-EPI,Zernike,650,4.286705373405907
14,GB-EPI,Zernike,700,4.494000531458574
15,GB-EPI,Zernike,750,4.70129568951124
16,GB-EPI,Zernike,800,4.908590847563907
17,GB-EPI,Zernike,850,5.090773109084459
18,GB-EPI,Zernike,900,5.219590465474268
19,GB-EPI,Zernike,950,5.348407821864078
20,GB-EPI,Zernike,1000,5.477225178253887
21,GB-EPI,Zernike,1050,5.606042534643697
22,GB-EPI,Zernike,1100,5.725762477673722
23,GB-EPI,Zernike,1150,5.804038648731404
24,GB-EPI,Zernike,1200,5.882314819789085
25,GB-EPI,Zernike,1250,5.960590990846765
26,GB-EPI,Zernike,1300,6.038867161904447
27,GB-EPI,Zernike,1350,6.101495969441678
28,GB-EPI,Zernike,1400,6.150795541387415
29,GB-EPI,Zernike,1450,6.200095113333153
30,GB-EPI,Zernike,1500,6.24939468527889
0,GB-EPI,USRCAT,0,2.06248924472463
1,GB-EPI,USRCAT,50,2.618759549030953
2,GB-EPI,USRCAT,100,3.7313001576435982
3,GB-EPI,USRCAT,150,4.8438407662562435
4,GB-EPI,USRCAT,200,5.956381374868889
5,GB-EPI,USRCAT,250,6.668918685729425
6,GB-EPI,USRCAT,300,7.316339180676827
7,GB-EPI,USRCAT,350,7.963759675624229
8,GB-EPI,USRCAT,400,8.61118017057163
9,GB-EPI,USRCAT,450,9.045109833509121
10,GB-EPI,USRCAT,500,9.324442687060124
11,GB-EPI,USRCAT,550,9.603775540611126
12,GB-EPI,USRCAT,600,9.88310839416213
13,GB-EPI,USRCAT,650,10.338044473808312
14,GB-EPI,USRCAT,700,10.8082503992019
15,GB-EPI,USRCAT,750,11.278456324595487
16,GB-EPI,USRCAT,800,11.714079091078172
17,GB-EPI,USRCAT,850,11.96814027327862
18,GB-EPI,USRCAT,900,12.222201455479066
19,GB-EPI,USRCAT,950,12.476262637679513
20,GB-EPI,USRCAT,1000,12.73032381987996
21,GB-EPI,USRCAT,1050,13.001795573284307
22,GB-EPI,USRCAT,1100,13.32840080216767
23,GB-EPI,USRCAT,1150,13.65500603105103
24,GB-EPI,USRCAT,1200,13.981611259934393
25,GB-EPI,USRCAT,1250,14.308216488817756
26,GB-EPI,USRCAT,1300,14.640595583862755
27,GB-EPI,USRCAT,1350,14.976823923015514
28,GB-EPI,USRCAT,1400,15.313052262168272
29,GB-EPI,USRCAT,1450,15.649280601321031
30,GB-EPI,USRCAT,1500,15.8425465174493
0,GB-EPI,Zernike,0,0.671829842729615
1,GB-EPI,Zernike,50,0.9411694393653378
2,GB-EPI,Zernike,100,1.439946470172232
3,GB-EPI,Zernike,150,1.9387235009791262
4,GB-EPI,Zernike,200,2.4375005317860206
5,GB-EPI,Zernike,250,2.860768138759629
6,GB-EPI,Zernike,300,3.044922570261167
7,GB-EPI,Zernike,350,3.2290770017627053
8,GB-EPI,Zernike,400,3.4132314332642433
9,GB-EPI,Zernike,450,3.5973858647657813
10,GB-EPI,Zernike,500,3.7815402962673197
11,GB-EPI,Zernike,550,3.903927874575385
12,GB-EPI,Zernike,600,4.025054904859094
13,GB-EPI,Zernike,650,4.1461819351428035
14,GB-EPI,Zernike,700,4.267308965426513
15,GB-EPI,Zernike,750,4.377232003945449
16,GB-EPI,Zernike,800,4.442339075405291
17,GB-EPI,Zernike,850,4.507446146865135
18,GB-EPI,Zernike,900,4.572553218324979
19,GB-EPI,Zernike,950,4.637660289784822
20,GB-EPI,Zernike,1000,4.718810329207429
21,GB-EPI,Zernike,1050,4.856839982316196
22,GB-EPI,Zernike,1100,4.994869635424965
23,GB-EPI,Zernike,1150,5.132899288533732
24,GB-EPI,Zernike,1200,5.2709289416425
25,GB-EPI,Zernike,1250,5.396776504540346
26,GB-EPI,Zernike,1300,5.507119588987931
27,GB-EPI,Zernike,1350,5.617462673435514
28,GB-EPI,Zernike,1400,5.7278057578830985
29,GB-EPI,Zernike,1450,5.7909696601763345
30,GB-EPI,Zernike,1500,5.83755709306399
0,GB-EPI,USRCAT,0,3.13700825796334
1,GB-EPI,USRCAT,50,3.5877580475797823
2,GB-EPI,USRCAT,100,4.6121893876171525
3,GB-EPI,USRCAT,150,5.636620727654522
4,GB-EPI,USRCAT,200,6.661052067691892
5,GB-EPI,USRCAT,250,7.6854834077292615
6,GB-EPI,USRCAT,300,8.478101488620386
7,GB-EPI,USRCAT,350,8.892497936167636
8,GB-EPI,USRCAT,400,9.306894383714887
9,GB-EPI,USRCAT,450,9.721290831262138
10,GB-EPI,USRCAT,500,10.135687278809389
11,GB-EPI,USRCAT,550,10.457071634832543
12,GB-EPI,USRCAT,600,10.726136689373389
13,GB-EPI,USRCAT,650,10.995201743914237
14,GB-EPI,USRCAT,700,11.264266798455084
15,GB-EPI,USRCAT,750,11.533331852995932
16,GB-EPI,USRCAT,800,11.717021713700916
17,GB-EPI,USRCAT,850,11.879367775946935
18,GB-EPI,USRCAT,900,12.041713838192955
19,GB-EPI,USRCAT,950,12.204059900438974
20,GB-EPI,USRCAT,1000,12.366405962684993
21,GB-EPI,USRCAT,1050,12.503110564541872
22,GB-EPI,USRCAT,1100,12.628825969089121
23,GB-EPI,USRCAT,1150,12.75454137363637
24,GB-EPI,USRCAT,1200,12.880256778183616
25,GB-EPI,USRCAT,1250,13.005972182730865
26,GB-EPI,USRCAT,1300,13.066592487793555
27,GB-EPI,USRCAT,1350,13.123057786506166
28,GB-EPI,USRCAT,1400,13.179523085218777
29,GB-EPI,USRCAT,1450,13.235988383931389
30,GB-EPI,USRCAT,1500,13.292453682644
0,GB-EPI,Zernike,0,0.409157535846841
1,GB-EPI,Zernike,50,0.6197863084776398
2,GB-EPI,Zernike,100,1.0098395911272675
3,GB-EPI,Zernike,150,1.399892873776895
4,GB-EPI,Zernike,200,1.7899461564265224
5,GB-EPI,Zernike,250,2.17999943907615
6,GB-EPI,Zernike,300,2.390315559460567
7,GB-EPI,Zernike,350,2.6006316798449842
8,GB-EPI,Zernike,400,2.810947800229401
9,GB-EPI,Zernike,450,3.0212639206138183
10,GB-EPI,Zernike,500,3.231580040998235
11,GB-EPI,Zernike,550,3.434311641898752
12,GB-EPI,Zernike,600,3.6337927344490257
13,GB-EPI,Zernike,650,3.8332738269992994
14,GB-EPI,Zernike,700,4.032754919549574
15,GB-EPI,Zernike,750,4.212282970401502
16,GB-EPI,Zernike,800,4.37481398573262
17,GB-EPI,Zernike,850,4.537345001063736
18,GB-EPI,Zernike,900,4.699876016394852
19,GB-EPI,Zernike,950,4.8502770023366
20,GB-EPI,Zernike,1000,4.996847452681705
21,GB-EPI,Zernike,1050,5.14341790302681
22,GB-EPI,Zernike,1100,5.289988353371915
23,GB-EPI,Zernike,1150,5.436558803717021
24,GB-EPI,Zernike,1200,5.541017036488735
25,GB-EPI,Zernike,1250,5.619664555263855
26,GB-EPI,Zernike,1300,5.6983120740389746
27,GB-EPI,Zernike,1350,5.776959592814095
28,GB-EPI,Zernike,1400,5.802518902596088
29,GB-EPI,Zernike,1450,5.825866203670034
30,GB-EPI,Zernike,1500,5.84921350474398
0,GB-BI,USRCAT,0,1.7741190843329
1,GB-BI,USRCAT,50,6.3341659634006255
2,GB-BI,USRCAT,100,9.031324122126811
3,GB-BI,USRCAT,150,10.613881484758249
4,GB-BI,USRCAT,200,11.737596717401852
5,GB-BI,USRCAT,250,12.596692180740076
6,GB-BI,USRCAT,300,13.84976173061483
7,GB-BI,USRCAT,350,14.761429588522821
8,GB-BI,USRCAT,400,15.276190516287626
9,GB-BI,USRCAT,450,16.19612328254672
10,GB-BI,USRCAT,500,16.70948846910843
11,GB-BI,USRCAT,550,17.29565862971858
12,GB-BI,USRCAT,600,17.64619426891516
13,GB-BI,USRCAT,650,18.415423505540247
14,GB-BI,USRCAT,700,18.82385517167835
15,GB-BI,USRCAT,750,19.22703902338487
16,GB-BI,USRCAT,800,19.59722111791645
17,GB-BI,USRCAT,850,20.05633796274793
18,GB-BI,USRCAT,900,20.484953883075697
19,GB-BI,USRCAT,950,20.805251652512133
20,GB-BI,USRCAT,1000,21.015879273661646
21,GB-BI,USRCAT,1050,21.21970015458915
22,GB-BI,USRCAT,1100,21.507274543424884
23,GB-BI,USRCAT,1150,21.67674700617142
24,GB-BI,USRCAT,1200,22.090748892221608
25,GB-BI,USRCAT,1250,22.207373804267387
26,GB-BI,USRCAT,1300,22.276460698075176
27,GB-BI,USRCAT,1350,22.70107100570379
28,GB-BI,USRCAT,1400,23.050229871748652
29,GB-BI,USRCAT,1450,23.1770267359794
30,GB-BI,USRCAT,1500,23.2227955226883
0,GB-BI,Zernike,0,1.02908604328595
1,GB-BI,Zernike,50,2.0803793614766226
2,GB-BI,Zernike,100,2.9544921248455553
3,GB-BI,Zernike,150,3.287064448627707
4,GB-BI,Zernike,200,3.917437657835574
5,GB-BI,Zernike,250,4.354100387387239
6,GB-BI,Zernike,300,4.867626875145391
7,GB-BI,Zernike,350,5.086790342664723
8,GB-BI,Zernike,400,5.47655715937986
9,GB-BI,Zernike,450,5.621572107871656
10,GB-BI,Zernike,500,5.909541916761344
11,GB-BI,Zernike,550,6.460764071818956
12,GB-BI,Zernike,600,6.693293608884102
13,GB-BI,Zernike,650,7.054291036730009
14,GB-BI,Zernike,700,7.282477080138934
15,GB-BI,Zernike,750,7.488809297162363
16,GB-BI,Zernike,800,7.730862000081573
17,GB-BI,Zernike,850,7.937763880185624
18,GB-BI,Zernike,900,8.284367014690183
19,GB-BI,Zernike,950,8.425906163474387
20,GB-BI,Zernike,1000,8.691001891416695
21,GB-BI,Zernike,1050,8.976323015836586
22,GB-BI,Zernike,1100,9.20483504376608
23,GB-BI,Zernike,1150,9.386971741961247
24,GB-BI,Zernike,1200,9.54471172039732
25,GB-BI,Zernike,1250,9.775680371406887
26,GB-BI,Zernike,1300,9.948307316137734
27,GB-BI,Zernike,1350,10.08188868830682
28,GB-BI,Zernike,1400,10.2803332416104
29,GB-BI,Zernike,1450,10.507319003021168
30,GB-BI,Zernike,1500,10.7879539235027
0,GB-BI,USRCAT,0,2.53888882587439
1,GB-BI,USRCAT,50,6.022600630194509
2,GB-BI,USRCAT,100,9.430503377569664
3,GB-BI,USRCAT,150,10.6830895377809
4,GB-BI,USRCAT,200,11.38398641079601
5,GB-BI,USRCAT,250,12.121329463319617
6,GB-BI,USRCAT,300,12.829412072784534
7,GB-BI,USRCAT,350,13.1340083037263
8,GB-BI,USRCAT,400,13.602380090921578
9,GB-BI,USRCAT,450,14.012333394500331
10,GB-BI,USRCAT,500,14.53653514309208
11,GB-BI,USRCAT,550,15.322021995647178
12,GB-BI,USRCAT,600,15.95019171230292
13,GB-BI,USRCAT,650,16.929550645017148
14,GB-BI,USRCAT,700,17.958524966294846
15,GB-BI,USRCAT,750,18.504691948194967
16,GB-BI,USRCAT,800,18.97533516143253
17,GB-BI,USRCAT,850,19.198751862185514
18,GB-BI,USRCAT,900,19.624525128495645
19,GB-BI,USRCAT,950,20.24237872447702
20,GB-BI,USRCAT,1000,20.50973915764255
21,GB-BI,USRCAT,1050,21.260598875516298
22,GB-BI,USRCAT,1100,21.538232019143503
23,GB-BI,USRCAT,1150,22.37532057832059
24,GB-BI,USRCAT,1200,22.751014427882552
25,GB-BI,USRCAT,1250,22.99166832928926
26,GB-BI,USRCAT,1300,23.362070646693173
27,GB-BI,USRCAT,1350,23.844357775022672
28,GB-BI,USRCAT,1400,24.24776289110332
29,GB-BI,USRCAT,1450,24.44759042100967
30,GB-BI,USRCAT,1500,24.7565822070392
0,GB-BI,Zernike,0,0.550806008987327
1,GB-BI,Zernike,50,1.90814696551433
2,GB-BI,Zernike,100,3.03303473036981
3,GB-BI,Zernike,150,3.852156069106494
4,GB-BI,Zernike,200,4.556960964635677
5,GB-BI,Zernike,250,5.2993567572934035
6,GB-BI,Zernike,300,5.835572573655542
7,GB-BI,Zernike,350,6.229289013139102
8,GB-BI,Zernike,400,6.495729390066313
9,GB-BI,Zernike,450,6.7907864443074155
10,GB-BI,Zernike,500,7.157116716461067
11,GB-BI,Zernike,550,7.65910721030478
12,GB-BI,Zernike,600,8.107654920372003
13,GB-BI,Zernike,650,8.44532586729852
14,GB-BI,Zernike,700,8.711987305052089
15,GB-BI,Zernike,750,8.993346346461202
16,GB-BI,Zernike,800,9.238001003496123
17,GB-BI,Zernike,850,9.461995554517259
18,GB-BI,Zernike,900,9.716653865926803
19,GB-BI,Zernike,950,9.945469859606908
20,GB-BI,Zernike,1000,9.98108435658082
21,GB-BI,Zernike,1050,10.036737845186249
22,GB-BI,Zernike,1100,10.167013389277216
23,GB-BI,Zernike,1150,10.355325433358463
24,GB-BI,Zernike,1200,10.4536423893998
25,GB-BI,Zernike,1250,10.58887016944873
26,GB-BI,Zernike,1300,10.747331133703874
27,GB-BI,Zernike,1350,10.886176237657182
28,GB-BI,Zernike,1400,10.963545192396866
29,GB-BI,Zernike,1450,11.027318158294255
30,GB-BI,Zernike,1500,11.0988235742575
0,GB-BI,USRCAT,0,1.77819095072587
1,GB-BI,USRCAT,50,5.643586700371462
2,GB-BI,USRCAT,100,9.55320133571372
3,GB-BI,USRCAT,150,10.470394234309074
4,GB-BI,USRCAT,200,11.860671511273912
5,GB-BI,USRCAT,250,13.029835070161264
6,GB-BI,USRCAT,300,14.356229076586088
7,GB-BI,USRCAT,350,15.283864921196445
8,GB-BI,USRCAT,400,15.691469474710367
9,GB-BI,USRCAT,450,15.999369970602794
10,GB-BI,USRCAT,500,16.289876005644118
11,GB-BI,USRCAT,550,16.8141174520518
12,GB-BI,USRCAT,600,17.4519998629818
13,GB-BI,USRCAT,650,17.770254886647383
14,GB-BI,USRCAT,700,18.190754611298953
15,GB-BI,USRCAT,750,18.647531012800894
16,GB-BI,USRCAT,800,18.91038979756866
17,GB-BI,USRCAT,850,19.193639920040724
18,GB-BI,USRCAT,900,19.344867997352274
19,GB-BI,USRCAT,950,19.71079792681984
20,GB-BI,USRCAT,1000,20.067448257482518
21,GB-BI,USRCAT,1050,20.2814771351667
22,GB-BI,USRCAT,1100,20.586678768207182
23,GB-BI,USRCAT,1150,20.70904692778342
24,GB-BI,USRCAT,1200,21.041455649782716
25,GB-BI,USRCAT,1250,21.651926068661204
26,GB-BI,USRCAT,1300,22.25779725556803
27,GB-BI,USRCAT,1350,22.715037793137796
28,GB-BI,USRCAT,1400,22.937380957137478
29,GB-BI,USRCAT,1450,23.01947725871977
30,GB-BI,USRCAT,1500,23.1347096582185
0,GB-BI,Zernike,0,0.673467918331476
1,GB-BI,Zernike,50,1.7225867917568252
2,GB-BI,Zernike,100,2.9905244263852633
3,GB-BI,Zernike,150,3.815562038643034
4,GB-BI,Zernike,200,4.370649446644602
5,GB-BI,Zernike,250,4.988352893866264
6,GB-BI,Zernike,300,5.399295173659953
7,GB-BI,Zernike,350,5.60226314621289
8,GB-BI,Zernike,400,5.981798258252439
9,GB-BI,Zernike,450,6.251797577536782
10,GB-BI,Zernike,500,6.369085840229815
11,GB-BI,Zernike,550,6.572507063730884
12,GB-BI,Zernike,600,6.8713505828292005
13,GB-BI,Zernike,650,7.000434337022419
14,GB-BI,Zernike,700,7.208776927505361
15,GB-BI,Zernike,750,7.6555698844597915
16,GB-BI,Zernike,800,7.997905853123001
17,GB-BI,Zernike,850,8.183850245508467
18,GB-BI,Zernike,900,8.381425429276437
19,GB-BI,Zernike,950,8.519668097929975
20,GB-BI,Zernike,1000,8.698236085843643
21,GB-BI,Zernike,1050,8.852087286503794
22,GB-BI,Zernike,1100,9.077766250490589
23,GB-BI,Zernike,1150,9.258103625255178
24,GB-BI,Zernike,1200,9.472795819759067
25,GB-BI,Zernike,1250,9.619476460065773
26,GB-BI,Zernike,1300,9.772542162469563
27,GB-BI,Zernike,1350,9.913118901568058
28,GB-BI,Zernike,1400,10.023222555127154
29,GB-BI,Zernike,1450,10.20077002166483
30,GB-BI,Zernike,1500,10.375936687667
0,GB-BI,USRCAT,0,2.36174155639
1,GB-BI,USRCAT,50,5.4016307754010064
2,GB-BI,USRCAT,100,8.715411449977926
3,GB-BI,USRCAT,150,10.969618778796715
4,GB-BI,USRCAT,200,12.241725164871758
5,GB-BI,USRCAT,250,13.030335566187293
6,GB-BI,USRCAT,300,13.829171765670965
7,GB-BI,USRCAT,350,14.3977051552409
8,GB-BI,USRCAT,400,14.867266080216348
9,GB-BI,USRCAT,450,15.543736864773681
10,GB-BI,USRCAT,500,16.47318406754125
11,GB-BI,USRCAT,550,16.86375525596605
12,GB-BI,USRCAT,600,17.566948881428434
13,GB-BI,USRCAT,650,18.281145235688626
14,GB-BI,USRCAT,700,18.79040625262426
15,GB-BI,USRCAT,750,19.190962815125463
16,GB-BI,USRCAT,800,19.69857815996902
17,GB-BI,USRCAT,850,19.825617194250253
18,GB-BI,USRCAT,900,20.34419889278611
19,GB-BI,USRCAT,950,20.712368894020756
20,GB-BI,USRCAT,1000,21.034274112411232
21,GB-BI,USRCAT,1050,21.226166726833288
22,GB-BI,USRCAT,1100,21.306847679924566
23,GB-BI,USRCAT,1150,21.42296921641426
24,GB-BI,USRCAT,1200,21.598808748876785
25,GB-BI,USRCAT,1250,21.706512774989832
26,GB-BI,USRCAT,1300,21.974892297442622
27,GB-BI,USRCAT,1350,22.078165915783572
28,GB-BI,USRCAT,1400,22.17681747930915
29,GB-BI,USRCAT,1450,22.385051209251056
30,GB-BI,USRCAT,1500,22.7459302889638
0,GB-BI,Zernike,0,0.559757301947872
1,GB-BI,Zernike,50,1.63263511671363
2,GB-BI,Zernike,100,2.8897888789757094
3,GB-BI,Zernike,150,4.092844652532656
4,GB-BI,Zernike,200,4.660150967291391
5,GB-BI,Zernike,250,5.062370594787968
6,GB-BI,Zernike,300,5.443300671133209
7,GB-BI,Zernike,350,5.709723895499205
8,GB-BI,Zernike,400,6.131238572169823
9,GB-BI,Zernike,450,6.504842754672852
10,GB-BI,Zernike,500,6.784170024424981
11,GB-BI,Zernike,550,7.160359029376116
12,GB-BI,Zernike,600,7.2692649592274945
13,GB-BI,Zernike,650,7.5429779788996925
14,GB-BI,Zernike,700,7.847081194274833
15,GB-BI,Zernike,750,8.391423005019563
16,GB-BI,Zernike,800,8.84684358900275
17,GB-BI,Zernike,850,9.157981015309604
18,GB-BI,Zernike,900,9.396588789305687
19,GB-BI,Zernike,950,9.578609635842628
20,GB-BI,Zernike,1000,9.69948606082522
21,GB-BI,Zernike,1050,9.933473018617383
22,GB-BI,Zernike,1100,9.947695240888171
23,GB-BI,Zernike,1150,10.128462485942974
24,GB-BI,Zernike,1200,10.464078717023328
25,GB-BI,Zernike,1250,10.597841966380736
26,GB-BI,Zernike,1300,10.827992856223466
27,GB-BI,Zernike,1350,11.027914080000917
28,GB-BI,Zernike,1400,11.160362879399527
29,GB-BI,Zernike,1450,11.308149948078164
30,GB-BI,Zernike,1500,11.4450396505158
0,GB-BI,USRCAT,0,2.98653013510022
1,GB-BI,USRCAT,50,5.988458838279596
2,GB-BI,USRCAT,100,9.239245096401978
3,GB-BI,USRCAT,150,11.080821010932825
4,GB-BI,USRCAT,200,12.26593074571423
5,GB-BI,USRCAT,250,13.197957047825529
6,GB-BI,USRCAT,300,14.068512297751743
7,GB-BI,USRCAT,350,15.470225234282445
8,GB-BI,USRCAT,400,16.45030870953628
9,GB-BI,USRCAT,450,17.189236920458008
10,GB-BI,USRCAT,500,17.636013240301
11,GB-BI,USRCAT,550,18.27546989686239
12,GB-BI,USRCAT,600,18.780612397545596
13,GB-BI,USRCAT,650,19.202642477556154
14,GB-BI,USRCAT,700,19.562723845238455
15,GB-BI,USRCAT,750,19.74233105129167
16,GB-BI,USRCAT,800,19.938471628274478
17,GB-BI,USRCAT,850,20.22010823309936
18,GB-BI,USRCAT,900,20.520382800415085
19,GB-BI,USRCAT,950,20.79639792143961
20,GB-BI,USRCAT,1000,20.96481067496022
21,GB-BI,USRCAT,1050,21.340467372430126
22,GB-BI,USRCAT,1100,21.55207017147837
23,GB-BI,USRCAT,1150,21.650986565977487
24,GB-BI,USRCAT,1200,21.81898818955411
25,GB-BI,USRCAT,1250,21.930645934536987
26,GB-BI,USRCAT,1300,22.029583403796035
27,GB-BI,USRCAT,1350,22.112895878644707
28,GB-BI,USRCAT,1400,22.2424616760332
29,GB-BI,USRCAT,1450,22.583800842417066
30,GB-BI,USRCAT,1500,22.948822984879
0,GB-BI,Zernike,0,0.718812980025567
1,GB-BI,Zernike,50,1.7610132955748026
2,GB-BI,Zernike,100,2.5590275048506164
3,GB-BI,Zernike,150,3.593948168988964
4,GB-BI,Zernike,200,4.218334456964908
5,GB-BI,Zernike,250,4.537972167089857
6,GB-BI,Zernike,300,4.91453397423899
7,GB-BI,Zernike,350,5.3042231152783605
8,GB-BI,Zernike,400,5.5724757458994185
9,GB-BI,Zernike,450,6.004649891137734
10,GB-BI,Zernike,500,6.33377205196944
11,GB-BI,Zernike,550,6.645473670200963
12,GB-BI,Zernike,600,6.842694490064916
13,GB-BI,Zernike,650,7.034391485027575
14,GB-BI,Zernike,700,7.136510633613822
15,GB-BI,Zernike,750,7.21856420195891
16,GB-BI,Zernike,800,7.3254539023235665
17,GB-BI,Zernike,850,7.435050245667046
18,GB-BI,Zernike,900,7.79021604777546
19,GB-BI,Zernike,950,7.934253457696942
20,GB-BI,Zernike,1000,8.179713267642223
21,GB-BI,Zernike,1050,8.298095523803067
22,GB-BI,Zernike,1100,8.439045825320322
23,GB-BI,Zernike,1150,8.543564635823468
24,GB-BI,Zernike,1200,8.711007811969809
25,GB-BI,Zernike,1250,8.85111091230747
26,GB-BI,Zernike,1300,8.945425463415745
27,GB-BI,Zernike,1350,9.098072693282381
28,GB-BI,Zernike,1400,9.17729486081935
29,GB-BI,Zernike,1450,9.247972732518278
30,GB-BI,Zernike,1500,9.29378899310474
